vol,chap,geog,date,title,pages,tag1,tag2,,,,,,
1,1,NNE-,517,The_voyage_of_Arthur_K_of_Britaine_to_Island_and_the_most_Northeastern_parts_of_Europe_Anno_517,003-004,nar,"england, voyage",,,,,274,1598
1,2,NNE-,517,Two_testimonies_of_Galfridus_Monumetensis_in_his_history_of_the_Kings_of_Brittaine_concerning_the_co,004-004,doc,"testimon, history",,,,,,
1,3,NNE-,580,A_testimony_of_M_Lambard_in_his_touching_the_right_and_appendances_of_the_Crowne_of_the_kingdome_of_,005-007,doc,testimon,,,,,,
1,4,NNE-,580,The_voyage_of_Malgo_king_of_Britaine_to_Island_Gotland_Orkney_Denmark_and_Norway_Anno_580,007-008,nar,"england, voyage, norway",,,,,,
1,5,NNE-,624,The_conquest_of_the_Isles_of_Anglesey_and_Man_by_Edwin_the_Saxon_king_of_Northumberland_Anno_624,008-010,nar,,,,,,,
1,6,NNE-,624,The_voyage_of_Bertus_into_Ireland_Anno_684,010-010,nar,voyage,,,,,,
1,7,NNE-,890,The_voyage_of_Octher_to_the_North_parts_beyond_Norway_about_the_yeere_890,011-014,nar,"voyage, norway",,,,,,
1,8,NNE-,890,The_second_voyage_of_Octher_into_the_Sound_of_Denmarke,014-015,nar,voyage,,,,,,
1,9,NNE-,890,Wolstans_Navigation_into_the_East_sea_or_the_Sound_of_Denmarke,015-016,nar,,,,,,,
1,10,NNE-,973,The_voyage_of_King_Edgar_with_4000_shippes_round_about_his_large_Monarchie_Anno_973,016-023,nar,voyage,,,,,,
1,11,NNE-,973,The_voyage_of_Edmund_and_Edward_the_sonnes_of_King_Edmund_Ironside_into_Hungary_Anno_1017,024-025,nar,voyage,,,,,,
1,12,NNE-,1249,A_Chronicle_of_the_Kings_of_Man_taken_out_of_M_Camdens_Chorographie,025-041,doc,,,,,,,
1,13,NNE-,1067,The_mariage_of_the_daughter_of_Harald_unto_Jeruslaus_duke_of_Russia_in_his_owne_Countrey_Anno_1067,042-042,nar,russia,,,,,,
1,14,NNE-,1278,The_ancient_state_of_the_shipping_of_the_Cinque_Ports,042-050,doc,,,,,,,
1,15,NNE-,1243,The_voyage_of_a_certaine_Englishman_into_Tartaria_and_from_thence_into_Poland_and_Hungary_Anno_1243,050-054,nar,"england, voyage",,,,,,
1,16,NNE-,1246,Libellus_historicus_Johannis_de_Plano_Carpini,055-094,doc,,,,,,,
1,17,NNE-,1246,The_long_and_wonderfull_voyage_of_Frier_John_de_Plano_Carpini_Anno_1246,094-179,nar,voyage,,,,,,
1,18,NNE-,1253,The_journall_of_Frier_William_de_Rubricis_Anno_1253,179-293,nar,,,,,,,
1,19,NNE-,1278,Part_of_the_great_Charter_graunted_by_King_Edward_the_first_to_the_Barons_of_the_Cinque_Ports,293-296,doc,"granted, charter",,,,,,
1,20,NNE-,1345,The_rolle_of_the_huge_Fleete_of_Edward_the_thirde_before_Caleis,297-299,doc,,,,,,,
1,21,NNE-,1345,The_summe_of_expences_layde_out_in_the_siege_of_Caleis,299-300,doc,,,,,,,
1,22,NNE-,1360,A_note_of_Thomas_Walsingham_touching_King_Edward_the_thirde_his_huge_Fleete_of_1100_ships_wherewith_,300-301,doc,note,,,,,,
1,23,NNE-,1360,The_voyage_of_Nicolaus_de_Linna_a_Franciscan_Frier_and_an_excellent_Mathematician_of_Oxford_to_all_t,301-303,nar,voyage,,,,,,
1,24,NNE-,1360,A_Testimonie_of_the_learned_Mathematician_Master_John_Dee_touching_the_foresaid_voyage_of_Nicholas_D,303-304,nar,"voyage, testimon",,,,,,
1,25,NNE-,1390,The_voyage_of_Henry_Earle_of_Derby_afterward_King_of_England_into_Prussia_and_Letto_Anno_1390,304-305,nar,"england, russia, voyage, prussia",,,,,,
1,26,NNE-,1402,The_voyage_of_Thomas_of_Woodstock_duke_of_Glocester_into_Prussia_Anno_1391,306-307,nar,"russia, voyage, prussia",,,,,,
1,27,NNE-,1402,Certaine_verses_of_Geffrey_Chaucer_concerning_the_long_Voyages_and_valiant_exploits_of_the_English_k,307-308,nar,"england, voyage",,,,,,
1,28,NNE-,604,A_testimonie_out_of_Cornelius_Tacitus_proving_London_to_have_bene_a_famous_Mart-towne_in_the_raigne_,308-309,doc,"england, testimon",,,,,,
1,29,NNE-,604,A_testimony_out_of_venerable_Beda_prooving_London_to_have_bene_a_Citie_of_great_traffique_in_his_tim,309-309,doc,"england, testimon",,,,,,
1,30,NNE-,795,The_league_betweene_Carolus_Magnus_and_Offa_King_of_Mercia_concerning_the_safe_trade_of_English_Merc,310-312,doc,england,,,,,,
1,31,NNE-,795,An_ancient_testimony_translated_out_of_the_olde_Saxon_Lawes_conteyning_the_advancement_of_Merchants_,312-312,doc,testimon,,,,,,
1,32,NNE-,1027,A_testimony_of_certaine_Privileges_obteined_for_the_English_and_Danish_Merchants_by_Canutus_the_King,313-314,doc,"england, testimon, privileges",,,,,,
1,33,NNE-,1140,The_flourishing_state_of_Merchandise_in_the_City_of_London_in_the_dayes_of_Wilhelmus_Malmesburiensis,314-315,doc,england,,,,,,
1,34,NNE-,1140,A_testimony_of_the_said_Wil_of_Malmesbury_concerning_traffique_to_Bristow_in_his_time,315-315,doc,testimon,,,,,,
1,35,NNE-,1157,The_league_betweene_Henry_the_second_and_Frederick_Barbarossa_Emperour_of_Germany_partly_touching_tr,316-318,doc,,,,,,,
1,36,NNE-,1199,A_generall_safe_conduct_granted_by_King_John_to_all_forreine_Merchants,319-320,doc,"granted, conduct",,,,,,
1,37,NNE-,1229,The_letters_of_King_Henry_the_third_unto_Haquinus_king_of_Norwey,320-322,doc,letter,,,,,,
1,38,NNE-,1229,A_mandate_for_the_king_of_Norway_his_ship_called_The_Cog,322-323,doc,norway,,,,,,
1,39,NNE-,1236,A_Charter_granted_for_the_behalfe_of_the_Merchants_of_Colen_in_the_20_yeere_of_Henry_the_thirde,323-324,doc,"granted, charter",,,,,,
1,40,NNE-,1257,The_Charter_of_Lubeck_granted_for_seven_yeeres_in_the_time_of_Henry_the_third,324-325,doc,"granted, charter",,,,,,
1,41,NNE-,1260,A_Charter_of_the_Merchants_of_Almaine_or_the_Stilyard-merchants,326-327,doc,charter,,,,,,
1,42,NNE-,1303,A_mandate_of_King_Edward_the_first_concerning_outlandish_Merchants,327-327,doc,,,,,,,
1,43,NNE-,1303,King_Edw_the_first_his_great_Charter_granted_to_forreine_Merchants_Anno_Dom_1303,327-339,doc,"granted, charter",,,,,,
1,44,NNE-,1313,The_letters_of_Edward_the_second_unto_Haquinus_King_of_Norway_concerning_certain_English_Merchants_a,339-343,doc,"letter, england, norway",,,,,,
1,45,NNE-,1313,Another_letter_of_Edw_the_second_unto_the_said_Haquinus_for_the_merchants_aforesaid,343-344,doc,letter,,,,,,
1,46,NNE-,1313,A_third_letter_of_King_Edward_the_second_to_the_said_Haquinus_in_the_behalfe_of_our_English_merchant,344-349,doc,"letter, england",,,,,,
1,47,NNE-,1320,An_Ordinance_for_the_Staple_to_be_holden_at_one_certaine_place,350-355,doc,,,,,,,
2,1,NNE-,1262,A_Catalogue_of_the_great_Masters_of_Prussia,001-011,doc,"russia, prussia, catalogue",,,,,,
2,2,NNE-,1388,The_Oration_or_speach_of_the_Ambassadours_sent_from_Conradus_de_Zolner_Master_generall_of_the_land_o,012-018,doc,oration,,,,,,
2,3,NNE-,1390,An_agreement_made_by_the_Ambassadours_of_England_and_Prussia_confirmed_by_king_Richard_the_second,018-024,doc,"england, russia, prussia, agreement",,,,,,
2,4,NNE-,1398,The_letters_of_Conradus_de_Jungingen_Master_generall_of_Prussia_unto_Rich_the_second,025-027,doc,"letter, russia, prussia",,,,,,
2,5,NNE-,1407,A_briefe_relation_of_William_Esturmy_and_John_Kington_concerning_their_Ambassages_into_Prussia_and_t,027-033,doc,"russia, relation, prussia, ambassage",,,,,,
2,6,NNE-,1407,Certaine_Articles_of_complaint_exhibited_by_the_Livonians,033-034,doc,article,,,,,,
2,7,NNE-,1407,Other_complaints_exhibited_by_the_Cities_of_the_Hans,034-036,doc,,,,,,,
2,8,NNE-,1403,Compositions_and_Ordinances_concluded_betweene_the_Ambassadours_of_Prussia_and_the_Chanceller_and_Tr,036-038,doc,"russia, prussia",,,,,,
2,9,NNE-,1403,The_letters_of_the_Chanceller_and_Treasurer_of_England_unto_Conradus_de_Jungingen_master_generall_of,038-041,doc,"letter, england",,,,,,
2,10,NNE-,1404,The_letters_of_king_Henry_the_fourth_unto_Conradus_de_Jungingen_the_master_generall_of_Prussia_for_e,041-043,doc,"letter, russia, prussia",,,,,,
2,11,NNE-,1404,The_letters_of_Conradus_de_Jungingen_unto_king_Henry_the_fourth,044-046,doc,letter,,,,,,
2,12,NNE-,1405,An_agreement_made_betweene_king_Henry_the_fourth_and_Conradus_de_Jungingen,047-055,doc,agreement,,,,,,
2,13,NNE-,1405,An_agreement_betweene_king_Henry_the_fourth_and_the_Hans-townes,055-067,doc,agreement,,,,,,
2,14,NNE-,1405,A_testimonie_out_of_Albertus_Krantzius_concerning_the_surprise_of_Bergen_in_Norway_wherein_21_houses,068-071,doc,"testimon, norway",,,,,,
2,15,NNE-,1407,The_grievances_and_offences_whereat_the_merchants_of_the_Hans_found_themselves_agrieved,072-083,doc,,,,,,,
2,16,NNE-,1407,A_letter_of_Henry_the_fourth_king_of_England_unto_Conradus_de_Jungingen_Master_generall_of_Prussia,083-085,doc,"letter, england, russia, prussia",,,,,,
2,17,NNE-,1408,A_letter_of_Werneherus_de_Tettingen_commander_in_Elbing_unto_sir_William_Sturmy_Ambassadour_unto_kin,085-090,doc,letter,,,,,,
2,18,NNE-,1408,The_letters_of_Ulricus_de_Jungingen_master_generall_of_Prussia_signifying_unto_king_Henry_the_4_that,091-095,doc,"letter, russia, prussia",,,,,,
2,19,NNE-,1408,The_letters_of_king_Henry_the_fourth_unto_Ulricus_de_Jungingen_wherein_he_doth_absolutely_approve_th,095-098,doc,letter,,,,,,
2,20,NNE-,1409,A_new_concord_betweene_king_Henry_the_fourth_and_Ulricus_de_Jungingen,098-106,doc,,,,,,,
2,21,NNE-,1404,A_Charter_of_king_Henry_the_fourth_graunted_in_the_fifth_yeere_of_his_raigne_unto_the_English_mercha,106-110,doc,"england, granted, charter",,,,,,
2,22,NNE-,1430,A_note_touching_the_mighty_ships_of_king_Henry_the_fift_taken_out_of_a_Chronicle_in_the_Trinitie_Chu,111-111,doc,note,,,,,,
2,23,NNE-,1430,A_branch_of_a_Statute_made_in_the_eight_yeere_of_Henry_the_6_for_the_trade_to_Norway_Sweveland_Denma,111-113,doc,norway,,,,,,
2,24,NNE-,1432,Another_branch_of_a_Statute_made_in_the_10_yeere_of_king_Henry_the_sixt_concerning_the_state_of_Engl,113-114,doc,,,,,,,
2,25,NNE-,1437,Libellus_de_politia_conservativa_Maris_Or_The_pollicy_of_keeping_the_Sea,114-147,doc,,,,,,,
2,26,NNE-,1462,A_large_Charter_granted_by_king_Edward_the_fourth_in_the_second_yere_of_his_raigne_to_the_English_me,147-158,doc,"england, granted, charter",,,,,,
2,27,NNE-,1527,A_perswasion_of_Robert_Thome_merchant_of_Bristol_and_dwelling_long_in_Sivil_in_Spaine_to_king_Henry_,159-163,doc,spain,,,,,,
2,28,NNE-,1527,The_discourse_of_the_foresaid_Robert_Thorne_written_to_Doctour_Leigh_the_Kings_Ambassadour_in_Spaine,164-181,doc,"spain, discourse",,,,,,
2,29,NNE-,1580,A_briefe_treatise_of_the_Emperour_of_Moscovia_his_genealogie,182-194,doc,russia,,,,,,
2,30,NNE-,1553,The_excellent_orders_and_instructions_of_Sebastian_Cabot_given_to_sir_Hugh_Willoughby_and_his_Fleete,195-205,doc,"commandement, instructions",,,,,,
2,31,NNE-,1553,The_names_of_the_twelve_Counsellers_appointed_in_sir_Hugh_Willoughbies_voyage,206-206,nar,voyage,,,,,,
2,32,NNE-,1553,The_letters_of_king_Edward_the_sixt_written_at_that_time_to_all_the_Kings_Princes_and_other_Potentat,206-211,doc,letter,,,,,,
2,33,NNE-,1553,The_voyage_of_sir_Hugh_Willoughby_knight_wherein_he_unfortunately_perished_at_Arzina_Reca_in_Lapland,212-212,nar,voyage,,,,,,
2,34,NNE-,1553,The_names_of_the_Ships_Captains_Mariners_and_other_officers_of_that_first_worthy_enterprise,212-214,doc,,,,,,,
2,35,NNE-,1553,The_othe_ministred_to_the_Captaine_of_the_Fleete,215-215,doc,,,,,,,
2,36,NNE-,1553,The_othe_ministred_to_the_Masters_of_the_ships,216-224,doc,,,,,,,
2,37,NNE-,1553,The_voyage_of_Richard_Chanceller_Pilote_major_the_first_discoverer_by_sea_of_the_kingdome_of_Moscovi,224-238,nar,"russia, voyage",,,,,,
2,38,NNE-,1553,A_testimonie_of_Richard_Eden_concerning_Clement_Adams_his_discourse_of_Richard_Chancellers_voyage,239-270,nar,"voyage, testimon, discourse",,,,,,
2,39,NNE-,1554,The_letters_of_the_Emperour_of_Russia_sent_to_king_Edward_the_sixt_by_Richard_Chanceller,271-272,doc,"letter, russia",,,,,,
2,40,NNE-,1554,The_coynes_waights_and_measures_used_in_Russia,273-278,doc,russia,,,,,,
2,41,NNE-,1555,The_letters_of_King_Philip_and_Queene_Mary_to_Ivan_Vasilivich_the_Emperor_of_Russia,278-281,doc,"letter, russia",,,,,,
2,42,NNE-,1555,The_Commission_given_to_the_merchants_Agents_resiant_in_Russia,281-289,doc,"russia, commission",,,,,,
2,43,NNE-,1555,The_othe_ministred_to_the_servants_of_the_Moscovie_company,290-290,doc,russia,,,,,,
2,44,NNE-,1555,The_letter_of_George_Killingworth_the_first_Agent_in_Russia_written_to_the_Company,291-297,doc,"letter, russia",,,,,,
2,45,NNE-,1555,The_first_Privileges_graunted_by_the_Emperour_of_Russia_to_the_English_merchants,297-303,doc,"england, russia, granted, privileges",,,,,,
2,46,NNE-,1555,The_Charter_of_the_merchants_of_the_Moscovie_company_granted_by_Queene_Mary,304-316,doc,"russia, granted, charter",,,,,,
2,47,NNE-,1556,Instructions_given_to_the_Pursers_of_the_Moscovie_voyage,317-322,nar,"russia, commandement, voyage, instructions",,,,,,
2,48,NNE-,1556,The_voyage_of_Stephen_Burrough_toward_the_River_of_Ob_intending_the_discovery_of_the_Northeast_passa,322-344,nar,"voyage, discovery",,,,,,
2,49,NNE-,1556,The_landing_of_Richard_Johnson_among_the_Samoeds_Anno_1556,345-349,nar,,,,,,,
2,50,NNE-,1557,A_discourse_of_the_honourable_receiving_into_England_of_the_first_Ambassadour_from_the_Emperour_of_R,350-362,doc,"england, discourse",,,,,,
2,51,NNE-,1557,The_voyage_of_the_aforesaide_Stephen_Burrough_from_Colmogro_in_Russia_to_Wardhouse_in_search_of_cert,363-375,nar,"russia, voyage",,,,,,
2,52,NNE-,1557,Instructions_given_to_the_Masters_and_Mariners_of_the_ships_of_the_Moscovie_Company_sayling_towards_,375-378,doc,"russia, commandement, instructions",,,,,,
2,53,NNE-,1557,A_letter_of_the_Company_of_the_Moscovie_merchants_unto_their_Agents_George_Killingworth_Richard_Gray,379-392,doc,"letter, russia",,,,,,
2,54,NNE-,1557,A_letter_of_M_Thomas_Hawtree_to_the_Moscovie_Companies_Agent_M_Henry_Lane_at_Colmogro,392-394,doc,"letter, russia",,,,,,
2,55,NNE-,1558,A_letter_of_M_Richard_Gray_one_of_the_first_Agents_of_the_Moscovie_Company_to_M_Henry_Lane_at_Mosco,394-396,doc,"letter, russia",,,,,,
2,56,NNE-,1558,A_letter_of_Thomas_Alcock_to_M_Richard_Gray_and_Henry_Lane_Agents_in_Moscovia_from_Tirwill_in_Poland,396-399,doc,"letter, russia",,,,,,
2,57,NNE-,1559,A_letter_of_M_Anthony_Jenkinson_upon_his_returne_from_Boghar_to_M_Henry_Lane_resident_in_Vologda,400-401,doc,letter,,,,,,
2,58,NNE-,1560,A_letter_of_the_Moscovie_Company_to_their_Agents_in_Russia_M_Henry_Lane_Christopher_Hudson_and_Thoma,401-407,doc,"letter, russia",,,,,,
2,59,NNE-,1560,Another_letter_to_the_aforesaid_parties,407-410,doc,letter,,,,,,
2,60,NNE-,1560,The_maner_of_Justice_by_lotts_in_Russia_written_by_M_Henry_Lane,411-412,doc,russia,,,,,,
2,61,NNE-,1557,The_voyage_of_M_Anthony_Jenkinson_into_Russia_wherein_Osep_Napea_first_Ambassadour_from_the_Emperour,413-425,nar,"russia, voyage",,,,,,
2,62,NNE-,1558,The_description_of_Russia_with_the_customes_and_maners_of_the_inhabitants,425-449,doc,"russia, description",,,,,,
2,63,NNE-,1558,The_voyage_of_M_Anthony_Jenkinson_from_the_Citie_of_Mosco_in_Russia_to_Boghar_in_Bactria_Anno_1558,449-479,nar,"russia, voyage",,,,,,
2,64,NNE-,1559,Notes_and_observations_gathered_by_Richard_Johnson_of_the_severall_wayes_from_Russia_to_Cathay_over-,480-484,doc,"russia, note, observation",,,,,,
2,65,NNE-,1559,A_letter_of_Sigismund_king_of_Polonia_1559_unto_the_Queenes_most_excellent_Majestie,485-487,doc,letter,,,,,,
3,1,NNE-,1561,The_letters_of_the_Queenes_Majestie_written_to_the_Emperour_of_Russia_requesting_licence_and_safe-co,001-005,doc,"letter, russia",,,,,,
3,2,NNE-,1561,The_Queenes_Majesties_letters_to_the_great_Sophie_of_Persia,006-008,doc,"letter, persia",,,,,,
3,3,NNE-,1561,Instructions_given_by_the_Governours_and_Assistants_of_the_Moscovie_Company,009-014,doc,"russia, commandement, instructions",,,,,,
3,4,NNE-,1562,The_voyage_of_M_Anthony_Jenkinson_through_Russia_and_over_the_Caspian_sea_into_Persia_Anno_1561,015-038,nar,"russia, voyage, persia",,,,,,
3,5,NNE-,1563,The_privileges_given_by_Obdoloucan_K_of_Hircania_to_the_Company_of_English_merchants_trading_in_Russ,039-040,doc,"england, privileges",,,,,,
3,6,NNE-,1563,The_voyage_of_Thomas_Alcock_George_Wrenne_and_Richard_Cheyney_servants_unto_the_Company_of_Moscovy_M,040-044,nar,"russia, voyage",,,,,,
3,7,NNE-,1566,The_voyage_of_Richard_Johnson_Alexander_Kitchin_and_Arthur_Edwards_servants_to_the_foresaid_company_,044-053,nar,voyage,,,,,,
3,8,NNE-,1566,Certaine_letters_of_Arthur_Edwards_written_out_of_Russia_Media_and_Persia_to_the_Company_of_the_Mosc,054-067,doc,"letter, russia, persia",,,,,,
3,9,NNE-,1567,The_distance_of_divers_places_in_Russia,068-070,doc,russia,,,,,,
3,10,NNE-,1567,The_way_and_distances_from_S_Nicolas_in_Russia_to_the_Caspian_sea,070-072,doc,russia,,,,,,
3,11,NNE-,1566,The_voyage_of_Thomas_Southam_and_John_Sparke_by_land_and_river_from_Colmogro_to_Novogrod_in_Russia_A,073-083,nar,"russia, voyage",,,,,,
3,12,NNE-,1566,An_Acte_for_the_corporation_of_merchants_Adventurers_for_the_discovering_of_newe_trades_made_in_the_,083-091,doc,oration,,,,,,
3,13,NNE-,1566,The_voyage_of_M_Anthony_Jenkinson_into_Russia_the_third_time_Anno_1566,092-092,nar,"russia, voyage",,,,,,
3,14,NNE-,1567,The_privileges_granted_by_the_Emperour_of_Russia_to_the_English_merchants,092-097,doc,"england, russia, granted, privileges",,,,,,
3,15,NNE-,1567,A_letter_of_M_Henry_Lane_to_M_Richard_Hakluyt_concerning_the_first_Ambassage_from_the_Russian_Empero,098-100,doc,"letter, russia, ambassage",,,,,,
3,16,NNE-,1568,A_letter_of_her_Majestie_sent_by_Stephen_Twerdico_and_Pheodata_Pogorella_Messengers_of_the_Emperour_,101-101,doc,letter,,,,,,
3,17,NNE-,1569,The_Ambassage_of_M_Thomas_Randolfe_Esquier_from_the_Queenes_Majestie_to_the_Emperour_of_Russia,102-108,doc,"russia, ambassage",,,,,,
3,18,NNE-,1569,The_privileges_graunted_to_the_English_merchants_at_M_Randolfe_his_sute,108-119,doc,"england, granted, privileges",,,,,,
3,19,NNE-,1588,A_Commission_granted_by_M_Randolfe_for_a_discovery_to_the_Northeast_by_sea,119-122,doc,"granted, discovery, commission",,,,,,
3,20,NNE-,1588,Instructions_given_to_the_discoverers_for_that_action,122-124,doc,"commandement, instructions",,,,,,
3,21,NNE-,1568,Certaine_letters_in_verse_written_out_of_Moscovia_by_M_George_Turbervile_Secretary_to_M_Randolfe_tou,124-135,doc,"letter, russia",,,,,,
3,22,NNE-,1568,The_voyage_of_Arthur_Edwards_Agent_for_the_Moscovy_company_John_Sparke_Laurence_Chapman_Christopher_,136-142,nar,"russia, voyage",,,,,,
3,23,NNE-,1568,Notes_concerning_the_fourth_English_voyage_into_Persia,143-149,nar,"england, voyage, note, persia",,,,,,
3,24,NNE-,1572,The_voyage_of_Thomas_Banister_and_Geffrey_Ducket_Agents_for_the_Moscovy_Company_into_Persia_the_fift,150-157,nar,"russia, voyage, persia",,,,,,
3,25,NNE-,1574,Observations_of_the_Sophy_of_Persia_and_of_the_Religion_of_the_Persians,158-166,doc,"persia, observation",,,,,,
3,26,NNE-,1570,The_voyage_of_William_Burrough_Captaine_of_13_English_ships_to_the_Narve_in_Liefland_Anno_1570,167-169,nar,"england, voyage",,,,,,
3,27,NNE-,1571,A_letter_of_Richard_Uscombe_to_M_Henry_Lane_touching_the_burning_of_the_Citie_of_Mosco_by_the_Crimme,169-169,doc,"letter, russia",,,,,,
3,28,NNE-,1572,The_voyage_of_M_Anthony_Jenkinson_into_Russia_the_fourth_time_Anno_1571,170-195,nar,"russia, voyage",,,,,,
3,29,NNE-,1572,A_briefe_rehearsall_of_all_the_travailes_of_M_Anthony_Jenkinson,195-196,doc,,,,,,,
3,30,NNE-,1575,A_letter_of_James_Alday_to_M_Michael_Locke_Agent_in_London_for_the_Moscovie_Company_touching_a_trade,197-200,doc,"letter, england, russia",,,,,,
3,31,NNE-,1575,A_note_of_all_the_necessary_instruments_and_appurtenances_belonging_to_the_killing_of_the_Whale,200-203,doc,note,,,,,,
3,32,NNE-,1576,The_deposition_of_William_Burrough_to_certeine_Interrogatories_mooved_unto_him_concerning_the_Narve_,203-206,doc,,,,,,,
3,33,NNE-,1576,The_reasons_of_M_William_Burrough_to_disswade_the_use_of_a_trade_to_the_Narve_by_the_way_through_Swe,207-208,doc,,,,,,,
3,34,NNE-,1598,A_remembrance_of_advise_given_to_the_Moscovie_merchants_touching_a_voyage_for_Cola_abovesaid,208-209,nar,"russia, voyage",,,,,,
3,35,NNE-,1598,An_Epistle_dedicatorie_unto_the_Queenes_most_excellent_Majestie,209-212,doc,letter,,,,,,
3,36,NNE-,1579,The_Queenes_Majesties_letters_to_Shaugh_Thamas_the_great_Sophy_of_Persia,212-214,doc,"letter, persia",,,,,,
3,37,NNE-,1580,The_voyage_of_Christopher_Burrough_into_Persia_the_sixt_time_Anno_1579,214-247,nar,"voyage, persia",,,,,,
3,38,NNE-,1581,The_Latitudes_and_Meridian_Altitudes_of_divers_places_in_Russia_from_the_North_to_the_South,247-248,doc,russia,,,,,,
3,39,NNE-,1579,Directions_given_by_M_Richard_Hakluyt_Esquire_to_Morgan_Hubblethorne_Dier_sent_into_Persia,249-251,doc,persia,,,,,,
3,40,NNE-,1580,A_Commission_given_by_sir_Rowland_Heyward_knight_and_George_Barne_Aldermen_and_governours_of_the_Mos,251-258,doc,commission,,,,,,
3,41,NNE-,1580,Rules_and_orders_given_to_be_observed_by_them_in_that_Discovery,259-262,doc,"commandement, discovery",,,,,,
3,42,NNE-,1580,Briefe_advises_given_by_M_John_Dee_to_that_purpose,262-263,doc,purpose,,,,,,
3,43,NNE-,1580,Instructions_given_them_by_Richard_Hakluyt_Esquire_to_that_purpose_also,264-275,doc,"commandement, instructions, purpose",,,,,,
3,44,NNE-,1580,The_letter_of_Gerard_Mercator_to_Richard_Hakluyt_of_Oxford_touching_that_discovery,275-282,doc,"letter, discovery",,,,,,
3,45,NNE-,1580,The_voyage_of_Arthur_Pet_and_Charles_Jackman_sent_to_discover_the_Northeast_seas_beyond_the_Hand_of_,282-303,nar,voyage,,,,,,
3,46,NNE-,1582,Instructions_given_by_the_Moscovie_Company_unto_Richard_Gibbs_William_Biggat_John_Backhouse_andampc_,303-306,doc,"russia, commandement, instructions",,,,,,
3,47,NNE-,1582,The_opinion_of_M_William_Burrough_sent_to_a_friend_requiring_his_judgement_for_the_fittest_time_of_t,306-308,doc,,,,,,,
3,48,NNE-,1583,The_Queenes_Majesties_Commission_given_to_sir_Jerome_Bowes_authorizing_him_her_highnesse_Ambassadour,308-311,doc,commission,,,,,,
3,49,NNE-,1583,The_Queenes_Majesties_letters_written_to_the_Emperour,312-314,doc,letter,,,,,,
3,50,NNE-,1583,The_discourse_of_the_Ambassage_of_sir_Jerome_Bowes_to_the_aforesaid_Emperour,315-329,doc,"discourse, ambassage",,,,,,
3,51,NNE-,1583,The_maner_of_preferring_suites_in_Russia,329-330,doc,russia,,,,,,
3,52,NNE-,1556,A_letter_of_M_Henry_Lane_to_M_William_Sanderson_merchant_of_London_conteyning_a_briefe_discourse_of_,330-336,doc,"letter, england, discourse",,,,,,
3,53,NNE-,1584,The_most_solemne_and_magnificent_Coronation_of_Pheodor_Ivanowich_Emperour_of_Russia,336-345,doc,russia,,,,,,
3,54,NNE-,1586,The_voyage_of_Master_Jerome_Horsey_over_land_from_Mosco_in_Russia_to_England_Anno_1584,345-347,nar,"england, russia, voyage",,,,,,
3,55,NNE-,1586,The_Privileges_graunted_by_the_newe_Emperour_to_the_English_merchants,347-353,doc,"england, granted, privileges",,,,,,
3,56,NNE-,1588,The_Ambassage_of_M_Giles_Fletcher_Doctor_of_the_Civil_lawe_from_her_Majestie_to_the_Emperour_of_Russ,353-357,doc,ambassage,,,,,,
3,57,NNE-,1588,A_notable_description_of_Russia,357-405,doc,"russia, description",,,,,,
3,58,NNE-,1588,A_voyage_to_the_Northeast_performed_by_certaine_Russes_and_translated_out_of_Sigismundus_ab_Herberst,405-412,nar,voyage,,,,,,
3,59,NNE-,1588,A_speciall_note_gathered_by_the_excellent_Venetian_Cosmographer_M_John_Baptista_Ramusius_concerning_,412-419,doc,note,,,,,,
3,60,NNE-,1590,The_Lord_Boris_Pheodorowich_his_letter_to_the_right_honourable_William_Burghley_Lord_high_Treasurer_,419-422,doc,letter,,,,,,
3,61,NNE-,1591,The_Queenes_Majesties_letter_to_Pheodor_Ivanowich_Emperour_of_Russia,422-427,doc,"letter, russia",,,,,,
3,62,NNE-,1591,The_Queenes_Majesties_letters_to_the_Lord_Boris_Pheodorowich,428-430,doc,letter,,,,,,
3,63,NNE-,1591,The_L_Treasurer_sir_William_Cecil_his_letter_to_the_Lord_Boris_Pheodorowich,430-432,doc,letter,,,,,,
3,64,NNE-,1592,A_letter_of_Pheodor_Ivanowich_to_the_Queenes_Majestie,432-434,doc,letter,,,,,,
3,65,NNE-,1592,An_other_letter_to_the_Queenes_most_excellent_Majestie_from_the_Lord_Boris_Pheodorowich,434-436,doc,letter,,,,,,
3,66,NNE-,1592,A_second_letter_from_the_Lord_Boris_Pheodorowich_to_the_L_William_Burghley,436-438,doc,letter,,,,,,
3,67,NNE-,1596,A_most_gracious_letter_of_Privileges_given_to_the_English_merchants_by_Pheodor_Ivanowich,439-445,doc,"letter, england, privileges",,,,,,
3,68,NNE-,1586,The_contents_of_M_Garlands_Commission_unto_Thomas_Simkinson_for_the_bringing_of_M_John_Dee_to_the_Em,445-446,doc,commission,,,,,,
3,69,NNE-,1586,A_letter_to_the_right_worsh_M_John_Dee_Esquier_conteyning_the_summe_and_effect_of_M_Garland_his_mess,447-448,doc,letter,,,,,,
3,70,NNE-,1586,A_branch_of_a_letter_from_John_Merick_touching_the_death_of_Pheodor_Ivanowich,448-449,doc,letter,,,,,,
3,71,NNE-,1581,A_learned_Epistle_written_unto_the_famous_Cosmographer_M_Gerardus_Mercator_concerning_the_Countreys_,450-457,doc,letter,,,,,,
3,72,NNE-,1557,The_honourable_testimonies_of_divers_strangers_touching_the_notable_discoveries_of_the_English_made_,458-462,doc,"england, testimon",,,,,,
4,1,NNE-,1592,A_briefe_Commentarie_of_the_true_state_of_Island,001-194,doc,,,,,,,
4,2,NNE-,1595,A_letter_written_by_the_grave_and_learned_Gudbrandus_Thorlacius_Bishop_of_Holen_in_Island_concerning,194-197,doc,letter,,,,,,
4,3,NNE-,1588,The_vanquishing_of_the_Spanish_Armada_Anno_1588,197-236,nar,spain,,,,,,
4,4,NNE-,1596,The_honourable_voyage_to_Cadiz_Anno_1596,236-268,nar,voyage,,,,,,
4,5,SSE1,274,A_Testimony_that_the_Britons_were_in_Italy_and_Greece_with_the_Cimbrians_and_Gauls_before_the_incarn,269-269,doc,testimon,,,,,,
4,6,SSE1,274,The_voyage_of_Helena_the_Empresse_daughter_of_Coelusking_of_Britain_and_mother_of_Constantine_the_Gr,270-272,nar,voyage,,,,,,
4,7,SSE1,300,The_voyage_of_Constantine_the_Great_Emperour_and_king_of_Britaine_to_Greece_AEgypt_Persia_and_Asia_A,272-276,nar,"england, voyage, persia, egypt, asia",,,,,,
4,8,SSE1,390,The_voyage_of_Pelagius_Cambrensis_under_Maximus_king_of_the_Britaines_into_AEgypt_and_Syria_Anno_390,276-278,nar,"england, syria, voyage, egypt",,,,,,
4,9,SSE1,500,The_voyage_of_certaine_Englishmen,278-279,nar,"england, voyage",,,,,,
4,10,SSE1,883,The_memorable_voyage_of_Sighelmus_bishop_of_Shirburne,279-279,nar,voyage,,,,,,
4,11,SSE1,858,The_voyage_of_John_Erigen_under_king_Alphred_to_Athens_in_the_yeere_of_our_Lorde_885,280-282,nar,voyage,,,,,,
4,12,SSE1,1052,The_voyage_of_Andrew_Whiteman_alias_Leucander_under_Canutus_the_Dane_to_Palaestina_Anno_1020,282-283,nar,"jerusalem, voyage",,,,,,
4,13,SSE1,1052,The_voyage_of_Swanus_one_of_the_sonnes_of_Earle_Godwin_unto_Jerusalem_Anno_1052,283-283,nar,"jerusalem, voyage",,,,,,
4,14,SSE1,1056,A_voyage_of_three_Ambassadours,284-287,nar,voyage,,,,,,
4,15,SSE1,1058,The_voyage_of_Alured_bishop_of_Worcester_unto_Jerusalem_Anno_1058,287-288,nar,"jerusalem, voyage",,,,,,
4,16,SSE1,1064,The_voyage_of_Ingulphus_afterward_Abbat_of_Croiland_unto_Jerusalem_An_1064,288-293,nar,"jerusalem, voyage",,,,,,
4,17,SSE1,1097,A_voyage_made_by_diverse_of_the_honourable_family_of_the_Beauchamps_with_Robert_Curtois_the_sonne_of,293-293,nar,voyage,,,,,,
4,18,SSE1,1097,The_voyage_of_Gutwere_an_English_Lady_married_unto_Baldwine_brother_of_Godfrey_duke_of_Bouillon_towa,293-295,nar,"england, voyage",,,,,,
4,19,SSE1,1102,The_voyage_of_Edgar_the_sonne_of_Edward_which_was_the_sonne_of_Edmund_surnamed_Ironside,295-296,nar,voyage,,,,,,
4,20,SSE1,1102,The_voyage_of_Godericus_a_valiant_Englishman_who_travailed_with_his_ships_in_an_expedition_unto_the_,297-298,nar,"england, voyage",,,,,,
4,21,SSE1,1102,The_voyage_of_Hardine_an_Englishman,298-301,nar,"england, voyage",,,,,,
4,22,SSE1,1107,A_voyage_by_sea_of_Englishmen_Danes_and_Flemings_who_arrived_at_Joppa_in_the_holy_land_the_seventh_y,301-306,nar,"england, jerusalem, voyage",,,,,,
4,23,SSE1,1107,The_voyage_of_Athelard_of_Bathe_to_AEgypt_and_Arabia_in_the_yeere_of_our_Lord_1130,306-307,nar,"voyage, egypt",,,,,,
4,24,SSE1,1130,The_voyage_of_William_Archbishop_of_Tyre_to_Jerusalem_and_to_the_citie_of_Tyre_in_Phoenicia_Anno_113,307-308,nar,"jerusalem, voyage",,,,,,
4,25,SSE1,1147,The_voyage_of_Robert_Ketenensis_under_king_Stephen_to_Dalmatia_Greece_and_Asia_Anno_1143,308-309,nar,"voyage, asia",,,,,,
4,26,SSE1,1147,A_voyage_of_certaine_Englishmen_under_the_conduct_of_Lewis_the_French_king_unto_the_holy_land_Anno_1,309-309,nar,"england, jerusalem, voyage, conduct",,,,,,
4,27,SSE1,1172,The_voyage_of_John_Lacy_to_Jerusalem_Anno_1173,310-310,nar,"jerusalem, voyage",,,,,,
4,28,SSE1,1172,The_voyage_of_William_Mandevile_Erle_of_Essex_to_Jerusalem_Anno_1177,310-310,nar,"jerusalem, voyage",,,,,,
4,29,SSE1,1177,A_testimony_that_certain_Englishmen_were_of_the_guard_of_the_Emperour_of_Constantinople_in_the_time_,310-311,doc,"england, testimon, constantinople",,,,,,
4,30,SSE1,1177,A_great_supply_of_money_sent_to_the_Holy_land_by_King_Henry_the_second,311-311,doc,jerusalem,,,,,,
4,31,SSE1,1177,A_letter_written_from_Manuel_the_Emperour_of_Constantinople_unto_Henry_the_second_King_of_England,312-319,doc,"letter, england, constantinople",,,,,,
4,32,SSE1,1191,The_famous_voyage_of_Richard_the_first_king_of_England_into_Asia_for_the_recovering_of_Jerusalem_out,319-338,nar,"england, jerusalem, voyage, asia",,,,,,
4,33,SSE1,1190,The_voyage_of_Baldwine_Archbishop_of_Canterbury_unto_Syria_and_Palaestina_in_the_yeere_1190,339-341,nar,"jerusalem, syria, voyage",,,,,,
4,34,SSE1,1556,A_note_drawen_out_of_a_very_auncient_booke_in_the_custodie_of_the_right_Wor_M_Thomas_Tilney_Esquire,342-343,doc,note,,,,,,
4,35,SSE1,1200,The_voyage_of_Richard_Surnamed_Canonicus_under_king_Richard_the_first_into_Syria_and_Palaestina_Anno,343-344,nar,"jerusalem, syria, voyage",,,,,,
4,36,SSE1,1200,The_voyage_of_Gulielmus_Peregrinus_under_king_Richard_the_first_to_Palaestina_Anno_1190,344-345,nar,"jerusalem, voyage",,,,,,
4,37,SSE1,1201,A_large_contribution_to_the_succour_of_the_holy_land_made_by_king_John_king_of_England_Anno_1201,345-346,doc,"england, jerusalem",,,,,,
4,38,SSE1,1201,The_voyage_of_Hubert_Walter_bishop_of_Salisbury_under_king_Richard_also_unto_Syria_Anno_1190,346-347,nar,"syria, voyage",,,,,,
4,39,SSE1,1218,The_voyage_of_Robert_Curson_a_nobleman_of_England_and_a_Cardinall_under_Hen_the_third_to_Damiata_in_,347-348,nar,"england, voyage",,,,,,
4,40,SSE1,1222,The_voyage_of_Rainulph_Earle_of_Chester_of_Saer_Quincy_Earle_of_Winchester_of_William_de_Albanie_Ear,349-349,nar,voyage,,,,,,
4,41,SSE1,1222,The_voyage_of_Henry_Bohun_and_Saer_Quincy_to_the_holy_land_in_the_yeere_of_our_Lord_1222,349-349,nar,"jerusalem, voyage",,,,,,
4,42,SSE1,1218,The_voyage_of_Rainulph_Glanvile_Earle_of_Chester_to_the_holy_land_and_to_Damiata_in_AEgypt,350-351,nar,"jerusalem, voyage, egypt",,,,,,
4,43,SSE1,1231,The_voyage_of_Petrus_de_Rupibus_bishop_of_Winchester_to_Jerusalem_Anno_1231,351-351,nar,"jerusalem, voyage",,,,,,
4,44,SSE1,1240,The_honourable_voyage_of_Richard_Earle_of_Cornwall,352-352,nar,voyage,,,,,,
4,45,SSE1,1248,The_comming_of_Baldwin_the_Emperour_of_Constantinople_into_England_An_1247,353-353,doc,"england, constantinople",,,,,,
4,46,SSE1,1249,The_voyage_of_William_Long-espee_or_Long-sword_Erie_of_Salisburie_into_AEgypt_with_Lewis_the_French_,353-358,nar,"voyage, egypt",,,,,,
4,47,SSE1,1270,The_voyage_of_prince_Edward_the_sonne_of_king_Henry_the_third_into_Syria_An_1270,359-366,nar,"syria, voyage",,,,,,
4,48,SSE1,1270,The_voyage_of_Robert_Turneham_under_the_sayd_prince_Edward_into_Syria_in_the_yeere_of_our_Lord_1270,366-369,nar,"syria, voyage",,,,,,
4,49,SSE1,1305,A_testimony_concerning_Anthony_Beck_bishop_of_Duresme_that_he_was_elected_Patriarke_of_Jerusalem_and,370-371,doc,"jerusalem, testimon",,,,,,
4,50,SSE1,1330,The_voyage_of_Frier_Beatus_Odoricus_to_Asia_minor_Armenia_Chaldaea_Persia_India_China_and_other_remo,371-444,nar,"voyage, persia, china, asia",,,,,,
4,51,SSE1,1331,The_voyage_of_Matthew_Gurney_an_English_knight_against_the_Moores_of_Alger_to_Barbary_and_to_Spaine,444-444,nar,"england, spain, voyage, alger, barbary",,,,,,
4,52,SSE1,1386,The_comming_of_Lyon_king_of_Armenia_into_England_Anno_1386_to_make_a_treaty_of_peace_betweene_Richar,445-449,doc,england,,,,,,
4,53,SSE1,1390,The_voyage_of_Henrie_Earle_of_Derby_after_Duke_of_Hereford_and_lastly_Henry_the_fourth_king_of_Engla,450-452,nar,voyage,,,,,,
4,54,SSE1,1390,The_travailes_and_memorable_victories_of_John_Hawkwood_Englishman_in_diverse_places_of_Italy_in_the_,452-452,nar,england,,,,,,
4,55,SSE1,1394,The_voyage_of_Lord_John_of_Holland_Earle_of_Huntington_brother_by_the_mother_to_K_Richard_the_second,453-453,nar,voyage,,,,,,
4,56,SSE1,1399,The_voyage_of_Thomas_Lord_Mowbrey_duke_of_Norfolke_to_Jerusalem_in_the_yeere_of_our_Lord_1399,453-453,nar,"jerusalem, voyage",,,,,,
4,57,SSE1,1400,The_comming_of_the_Emperour_of_Constantinople_into_England_to_desire_the_ayde_of_king_Henry_the_four,454-454,doc,"england, constantinople",,,,,,
4,58,SSE1,1417,The_voyage_of_the_bishop_of_Winchester_to_Jerusalem_Anno_1417,454-455,nar,"jerusalem, voyage",,,,,,
4,59,SSE1,1413,A_voyage_intended_by_king_Henry_the_fourth_to_the_holy_land_against_the_Saracens_and_Infidels_Anno_1,455-457,nar,"jerusalem, voyage",,,,,,
5,1,SSE1,1522,A_relation_of_the_siege_and_taking_of_the_citie_of_Rhodes_by_Sultan_Soliman_the_great_Turke_Wherein_,001-060,doc,"relation, turke",,,,,,
5,2,SSE1,1527,An_ambassage_from_Don_Ferdinando_brother_to_the_Emperour_Charles_the_fift_unto_King_Henry_the_eight_,061-062,doc,ambassage,,,,,,
5,3,SSE1,1511,The_antiquitie_of_the_trade_of_English_marchants_unto_the_remote_parts_of_the_Levant_seas_Anno_1511_,062-063,doc,england,,,,,,
5,4,SSE1,1531,A_letter_of_Henry_the_eight_king_of_England_to_John_the_third_king_of_Portugale_for_a_Portugale_ship,063-067,doc,"letter, england, portug",,,,,,
5,5,SSE1,1534,A_voyage_made_with_two_ships_called_The_holy_Crosse_and_The_Matthew_Gunson_to_the_Isles_of_Candia_an,067-068,nar,voyage,,,,,,
5,6,SSE1,1538,Another_voyage_unto_Candia_and_Chio_made_by_the_foresayd_ship_called_The_Matthewe_Gunson_Anno_1535,068-069,nar,voyage,,,,,,
5,7,SSE1,1538,The_voyage_of_the_valiant_Esquire_M_Peter_Read_to_Tunis_in_Barbarie_1538_recorded_in_his_Epitaph,069-070,nar,voyage,,,,,,
5,8,SSE1,1538,The_voyage_of_Sir_Thomas_Chaloner_to_Alger_with_the_Emperour_Charles_the_fift_Anno_1541,070-071,nar,"voyage, alger",,,,,,
5,9,SSE1,1551,The_voyage_of_M_Roger_Bodenham_with_the_great_barke_Aucher_to_Candia_and_Chio_Anno_1550,071-076,nar,voyage,,,,,,
5,10,SSE1,1553,The_voyage_of_M_John_Lok_to_Jerusalem_Anno_1553,076-105,nar,"jerusalem, voyage",,,,,,
5,11,SSE1,1553,The_maner_of_the_entring_of_Soliman_the_great_Turke_with_his_army_into_Alepo_in_Syria_as_hee_was_mar,105-108,doc,"syria, turke",,,,,,
5,12,SSE1,1553,A_note_of_the_presents_that_were_given_at_the_same_time_in_Alepo_to_the_Grand_Signor_and_the_names_o,108-108,doc,"syria, note",,,,,,
5,13,SSE1,1553,The_safe_conduct_granted_by_Sultan_Soliman_the_great_Turke_to_M_Anthony_Jenkinson_at_Alepo_in_Syria_,109-110,doc,"granted, syria, turke, conduct",,,,,,
5,14,SSE1,1569,A_discourse_of_the_trade_to_Chio,111-115,doc,discourse,,,,,,
5,15,SSE1,1569,A_letter_of_the_sayd_Gaspar_Campion_to_M_William_Winter_in_the_yeare_1569,115-117,doc,letter,,,,,,
5,16,SSE1,1571,A_report_of_the_siege_and_taking_of_Famagusta_the_strongest_citie_in_al_Cyprus_by_Mustafa_Bassa_Gene,118-124,doc,report,,,,,,
5,17,SSE1,1571,A_briefe_description_of_the_Isle_of_Cyprus,124-152,doc,description,,,,,,
5,18,SSE1,1577,The_voyage_of_John_Foxe_to_the_Streit_of_Gibraltar_in_a_ship_called_The_three_halfe-moones_Anno_1563,153-167,nar,voyage,,,,,,
5,19,SSE1,1578,The_renewing_and_great_increasing_of_an_ancient_trade_unto_divers_places_in_the_Levant_seas_and_to_t,167-169,doc,,,,,,,
5,20,SSE1,1579,The_letters_of_Zuldan_Murad_Can_the_great_Turke_to_the_sacred_Majestie_of_Queene_Elizabeth_Anno_1579,169-171,doc,"letter, turke",,,,,,
5,21,SSE1,1579,The_answere_of_her_Majestie_to_the_foresayd_letters_of_the_great_Turke_sent_by_M_Richard_Stanly_in_t,171-178,doc,"letter, turke",,,,,,
5,22,SSE1,1580,The_charter_of_priviledges_granted_to_the_English_and_the_league_of_the_great_Turke_with_the_Queenes,178-189,doc,"england, granted, charter, turke",,,,,,
5,23,SSE1,1581,Her_Majesties_letter_to_the_great_Turke_promising_redresse_for_the_disorders_of_Peter_Baker_of_Radcl,189-191,doc,"letter, commandement, turke",,,,,,
5,24,SSE1,1581,The_letters_Patents_or_Privileges_granted_by_her_Majestie_to_Sir_Edward_Osborne_M_Richard_Staper_and,192-202,doc,"letter, granted, privileges, patents",,,,,,
5,25,SSE1,1581,The_voyage_of_M_Laurence_Aldersey_to_the_cities_of_Jerusalem_and_Tripolis_in_the_yeere_1581,202-214,nar,"jerusalem, voyage, tripolis",,,,,,
5,26,SSE1,1582,The_Pasport_made_by_the_great_Master_of_Malta_unto_the_English_men_in_the_Barke_Rainolds_Anno_1582,215-220,doc,"england, pasport",,,,,,
5,27,SSE1,1582,The_Queenes_commission_given_to_her_servant_M_William_Hareborne_to_bee_Her_Majesties_Ambassador_or_A,221-224,doc,commission,,,,,,
5,28,SSE1,1582,Her_Majesties_letter_to_the_great_Turke_written_in_commendation_of_M_William_Hareborne_when_he_was_s,224-228,doc,"letter, turke",,,,,,
5,29,SSE1,1582,A_letter_of_the_Queenes_Majestie_to_Alli_Bassa_the_Turkes_high_Admiral_sent_by_her_Ambassador_M_Will,228-229,doc,"letter, turke",,,,,,
5,30,SSE1,1582,A_briefe_remembrance_of_things_to_bee_indevoured_at_Constantinople_and_at_other_places_in_Turkie_tou,229-230,doc,constantinople,,,,,,
5,31,SSE1,1582,Certaine_other_most_profitable_and_wise_instructions_penned_by_the_sayd_M_Richard_Hakluyt_for_a_prin,231-243,doc,"commandement, instructions",,,,,,
5,32,SSE1,1583,The_voyage_of_The_Susan_of_London_to_Constantinople_wherein_M_William_Hareborne_was_sent_first_Ambas,243-258,nar,"england, voyage, constantinople",,,,,,
5,33,SSE1,1583,A_letter_of_Mustafa_Chaus_to_the_Queenes_Majestie_Anno_1583,258-259,doc,letter,,,,,,
5,34,SSE1,1583,A_letter_of_M_William_Hareborne_to_M_Harvie_Millers_appointing_him_Consul_for_the_English_nation_in_,259-260,doc,"letter, england",,,,,,
5,35,SSE1,1583,A_commission_given_by_M_William_Hareborne_the_English_Ambassador_to_M_Richard_Forster_authorizing_hi,260-263,doc,"england, commission",,,,,,
5,36,SSE1,1583,A_letter_sent_from_Alger_to_M_William_Hareborne_her_Majesties_Ambassador_at_Constantinople_Anno_1583,263-265,doc,"letter, constantinople, alger",,,,,,
5,37,SSE1,1583,A_letter_of_M_Hareborne_to_Mustafa_chalenging_him_for_his_dishonest_dealing_in_translating_three_of_,265-266,doc,letter,,,,,,
5,38,SSE1,1583,A_Pasport_graunted_to_Thomas_Shingleton_by_the_king_of_Alger_in_the_yeare_1583,266-267,doc,"granted, alger, pasport",,,,,,
5,39,SSE1,1584,A_letter_written_in_Spanish_by_Sir_Edward_Osborne_in_his_Maioraltie_to_the_king_of_Alger_on_the_beha,268-270,doc,"letter, spain, alger",,,,,,
5,40,SSE1,1584,Notes_concerning_the_trades_of_Alger_and_Alexandria,270-274,doc,"note, alger, alexandria",,,,,,
5,41,SSE1,1584,A_letter_of_M_William_Hareborne_the_English_Ambassadour_to_M_Edward_Barton_Anno_1584,274-275,doc,"letter, england",,,,,,
5,42,SSE1,1584,A_commandement_obtayned_of_the_Grand_Signor_by_her_Majesties_Ambassadour_M_William_Hareborne_for_the,275-276,doc,commandement,,,,,,
5,43,SSE1,1584,A_letter_of_the_hon_M_William_Hareborne_her_Majesties_Ambassadour_with_the_Grand_Signor_to_M_Tipton_,276-280,doc,letter,,,,,,
5,44,SSE1,1584,A_Catalogue_or_register_of_the_English_ships_goods_and_persons_wrongfully_taken_by_the_Galleys_of_Al,280-281,doc,"england, catalogue",,,,,,
5,45,SSE1,1584,A_letter_of_M_William_Hareborne_her_Majesties_Ambassador_andampc_to_Assan_Aga_Eunuch_and_treasurer_u,282-283,doc,letter,,,,,,
5,46,SSE1,1584,A_petition_exhibited_to_the_Viceroy_of_the_Turkish_empire_for_reformation_of_sundry_injuries_offered,283-285,doc,,,,,,,
5,47,SSE1,1584,A_commandement_of_the_Grand_Signor_to_Patrasso_in_Morea_on_the_behalfe_of_the_English,285-286,doc,"england, commandement",,,,,,
5,48,SSE1,1584,The_Grand_Signors_commandement_to_Chio_on_the_behalfe_of_the_English_merchants,286-287,doc,"england, commandement",,,,,,
5,49,SSE1,1584,Two_of_his_commandements_sent_to_Baliabadram_and_to_Egypt_for_the_same_purpose,287-288,doc,"commandement, egypt, purpose",,,,,,
5,50,SSE1,1584,A_commandement_of_the_Grand_Signor_to_the_Cadi_of_Alexandria_for_the_restoring_of_an_Englishmans_goo,288-289,doc,"england, commandement, alexandria",,,,,,
5,51,SSE1,1584,Another_commaundement_to_the_Bassa_of_Alexandria_for_the_very_same_purpose,289-289,doc,"purpose, alexandria",,,,,,
5,52,SSE1,1584,A_commandement_to_the_Byes_and_Cadies_of_Metelin_and_Rhodes_and_to_all_the_Cadies_andamp_Byes_in_the,290-290,doc,commandement,,,,,,
5,53,SSE1,1584,A_commandement_sent_to_Alepo_concerning_the_goods_of_M_William_Barret_deceased,290-291,doc,"commandement, syria",,,,,,
5,54,SSE1,1584,The_voyage_of_a_ship_called_the_Jesus_to_Tripolis_in_Barbary_Anno_1583,292-311,nar,"voyage, barbary, tripolis",,,,,,
5,55,SSE1,1584,The_Queenes_letters_to_the_great_Turke_for_the_restitution_of_an_English_ship_called_the_Jesus_and_o,311-314,doc,"letter, england, turke",,,,,,
5,56,SSE1,1584,The_great_Turkes_letters_to_the_king_of_Tripolis_in_Barbary_commanding_the_restitution_of_an_English,314-316,doc,"letter, england, turke, barbary, tripolis",,,,,,
5,57,SSE1,1585,The_letter_of_M_William_Hareborne_her_Majesties_Ambassadour_to_Bassa_Romadan_the_Beglerbeg_of_Tripol,316-319,doc,letter,,,,,,
5,58,SSE1,1585,The_voyage_of_M_Henry_Austel_by_Venice_to_Ragusa_and_thence_over-land_to_Constantinople_and_from_the,320-328,nar,"voyage, constantinople",,,,,,
5,59,SSE1,1585,The_great_Turkes_Pasport_of_safeconduct_for_Captaine_Austel_and_Jacomo_Manuchio,328-328,doc,"turke, pasport, conduct",,,,,,
5,60,SSE1,1580,A_Pasport_of_the_Erle_of_Leicester_for_Thomas_Forster_gent_travelling_to_Constantinople_Anno_1586,329-329,doc,"constantinople, pasport",,,,,,
5,61,SSE1,1580,A_description_of_the_yearely_voyage_or_pilgrimage_of_the_Mahumetans_Turkes_and_Moores_to_Mecca_in_Ar,329-365,nar,"voyage, description, turke",,,,,,
5,62,SSE1,1572,The_voyage_of_Master_Cesar_Frederick_into_the_east_India_and_beyonde_the_Indies_Anno_1563,365-449,nar,"voyage, indies, east_ind",,,,,,
5,63,SSE1,1583,A_letter_written_from_the_Queenes_Majestie_to_Zelabdim_Echebar_king_of_Cambaia_and_sent_by_M_John_Ne,450-451,doc,letter,,,,,,
5,64,SSE1,1583,A_letter_written_from_her_Majestie_to_the_king_of_China_in_the_yeare_of_our_Lord_1583,451-452,doc,"letter, china",,,,,,
5,65,SSE1,1583,A_letter_of_M_John_Newbery_sent_from_Alepo_to_M_Richard_Hakluyt_of_Oxford_Ann_1583,452-453,doc,"letter, syria",,,,,,
5,66,SSE1,1583,Another_letter_of_the_sayd_M_Newbery_written_from_Alepo_to_M_Leonard_Poore_at_London_Anno_1583,453-455,doc,"letter, england, syria",,,,,,
5,67,SSE1,1583,A_second_letter_of_the_sayd_M_Newbery_written_from_Babylon_to_the_aforesayd_M_Poore_Anno_1583,455-456,doc,letter,,,,,,
5,68,SSE1,1583,M_Newbery_his_letter_from_Ormuz_to_M_John_Eldred_and_William_Shales_at_Balsara_Anno_1583,457-458,doc,letter,,,,,,
5,69,SSE1,1584,His_third_letter_written_to_M_Leonard_Poore_from_Goa_in_the_yeare_1584,458-463,doc,letter,,,,,,
5,70,SSE1,1584,A_letter_written_from_Goa_by_M_Ralph_Fitch_to_M_Leonard_Poore_abovesayd_Anno_1584,463-464,doc,letter,,,,,,
5,71,SSE1,1583,The_long_dangerous_and_memorable_voyage_of_M_Ralph_Fitch_marchant_of_London_by_the_way_of_Tripolis_i,465-505,nar,"england, voyage, tripolis",,,,,,
5,72,SSE1,1584,The_report_of_John_Huighen_van_Linschoten_of_the_imprisonment_of_M_Newbery_and_M_Fitch_at_Goa_and_of,505-512,doc,report,,,,,,
6,1,SSE1,1583,The_voyage_of_M_John_Eldred_to_Tripolis_in_Syria_by_sea_and_from_thence_by_land_and_river_to_Babylon,001-009,nar,"syria, voyage, tripolis",,,,,,
6,2,SSE1,1584,The_money_weights_measures_and_customes_used_in_Babylon_Balsara_Ormuz_Goa_Cochin_and_Malacca_written,010-022,doc,,,,,,,
6,3,SSE1,1584,The_charge_of_a_journey_by_land_and_river_from_Alepo_in_Syria_to_Goa_in_the_East_India,023-024,doc,"syria, east_ind",,,,,,
6,4,SSE1,1584,A_declaration_of_all_the_places_from_whence_each_particular_commoditie_of_the_East_Indies_commeth,024-027,doc,"indies, east_ind",,,,,,
6,5,SSE1,1584,The_times_or_seasonable_windes_called_Monsons_wherein_the_ships_depart_from_place_to_place_in_the_Ea,028-032,doc,,,,,,,
6,6,SSE1,1584,A_description_of_the_Isle_of_S_Helena_frequented_by_the_Portugales_in_their_returne_from_the_East_In,033-034,doc,"description, portug",,,,,,
6,7,SSE1,1586,The_voyage_of_M_John_Evesham_by_sea_into_AEgypt_Anno_1586,035-038,nar,"voyage, egypt",,,,,,
6,8,SSE1,1586,The_voyage_of_M_Laurence_Aldersey_to_the_cities_of_Alexandria_and_Cairo_in_Aegypt_Anno_1586,039-046,nar,"voyage, egypt, alexandria",,,,,,
6,9,SSE1,1586,The_voyage_of_five_marchants_ships_of_London_into_Turkie_and_their_valiant_fight_in_their_returne_wi,046-057,nar,"england, voyage, fight",,,,,,
6,10,SSE1,1588,The_voyage_of_Master_William_Hareborne_over-land_from_Constantinople_to_London_Anno_1588,058-059,nar,"england, voyage, constantinople",,,,,,
6,11,SSE1,1588,A_Priviledge_granted_by_Peter_Prince_of_Moldavia_to_the_English_merchants_Anno_1588,059-060,doc,"england, granted",,,,,,
6,12,SSE1,1588,A_briefe_extract_specifying_the_certaine_dayly_payments_answered_quarterly_in_time_of_peace,061-066,doc,,,,,,,
6,13,SSE1,1590,The_chiefe_officers_of_the_great_Turkes_Empire_the_number_of_souldiers_attending_upon_each_of_his_Be,067-069,doc,turke,,,,,,
6,14,SSE1,1590,The_letters_of_Sinan_Bassa_chiefe_counsellor_to_Sultan_Murad_Can_the_Grand_Signor_An_1590,069-073,doc,letter,,,,,,
6,15,SSE1,1592,The_second_letters_patents_granted_by_the_Queenes_Majestie_to_the_right_wor_company_of_the_English_m,073-093,doc,"letter, england, granted, patents",,,,,,
6,16,SSE1,1594,A_description_of_a_voyage_to_Constantinople_and_Syria_begun_the_21_of_March_1593_and_ended_the_ninth,094-113,nar,"syria, voyage, description, constantinople",,,,,,
6,17,SSE1,1594,A_letter_written_by_the_most_high_and_mighty_Empresse_the_wife_of_the_Grand_Signor_Sultan_Murad_Can_,114-118,doc,letter,,,,,,
6,18,SSE2,1344,The_voyage_of_Macham_the_first_discoverer_of_the_Isle_of_Madera_in_the_yeere_1344,119-120,nar,voyage,,,,,,
6,19,SSE2,1415,A_Note_concerning_the_ayde_and_assistance_given_to_king_John_the_first_of_Portugale_by_certaine_Engl,121-123,doc,"note, portug",,,,,,
6,20,SSE2,1481,The_Ambassage_of_John_the_second_king_of_Portugale_to_Edward_the_4_king_of_England,123-123,doc,"england, ambassage, portug",,,,,,
6,21,SSE2,1550,A_briefe_note_concerning_an_ancient_trade_of_English_marchants_to_the_Canarie_Isles_Anno_1526,124-125,doc,"england, note",,,,,,
6,22,SSE2,1550,A_description_of_the_Canarie_Islands_with_their_strange_fruits_and_commodities,125-136,doc,description,,,,,,
6,23,SSE2,1551,The_first_voyage_to_Barbary_Anno_1551,136-137,nar,"voyage, barbary",,,,,,
6,24,SSE2,1552,The_second_voyage_to_Barbary_Anno_1552,138-140,nar,"voyage, barbary",,,,,,
6,25,SSE2,1553,The_voyage_of_M_Thomas_Windam_to_Guinea_and_the_kingdom_of_Benin_Anno_1553,141-154,nar,"voyage, guinea",,,,,,
6,26,SSE2,1555,The_voyage_of_M_John_Lok_to_Guinea_Anno_1554,154-177,nar,"voyage, guinea",,,,,,
6,27,SSE2,1556,The_first_voyage_of_Master_William_Towrson_marchant_of_London_to_Guinea_in_the_yeere_of_our_Lord_155,177-211,nar,"england, voyage, guinea",,,,,,
6,28,SSE2,1557,The_second_voyage_of_M_William_Towrson_to_Guinea_and_the_castle_of_Mina_An_1556,212-231,nar,"voyage, guinea",,,,,,
6,29,SSE2,1577,The_third_voyage_of_the_sayd_M_William_Towrson_to_the_coast_of_Guinea_and_the_river_of_Sestos_Anno_1,231-252,nar,"voyage, guinea",,,,,,
6,30,SSE2,1577,The_commodities_and_wares_that_are_most_desired_in_Guinea_betwixt_Sierra_Leona_and_the_furthest_plac,252-252,doc,guinea,,,,,,
6,31,SSE2,1561,Certaine_articles_of_remembrance_delivered_to_M_John_Lok_touching_a_voyage_to_Guinea_Anno_1561,253-254,nar,"voyage, guinea, article",,,,,,
6,32,SSE2,1561,A_letter_of_M_John_Lok_to_the_worshipfull_company_of_marchants_adventurers_of_Guinea_Anno_1561,255-257,doc,"letter, guinea",,,,,,
6,33,SSE2,1562,The_relation_of_one_William_Rutter_concerning_a_voyage_set_out_to_Guinea_Anno_1562_Described_also_in,258-261,nar,"voyage, relation, guinea",,,,,,
6,34,SSE2,1564,A_meeting_at_Sir_William_Gerards_house_for_the_setting_foorth_of_a_voyage_to_Guinea_with_the_Minion_,262-262,nar,"voyage, guinea",,,,,,
6,35,SSE2,1564,A_relation_of_the_successe_of_the_same_voyage_taken_out_of_a_voyage_of_Sir_John_Haukins_to_the_West_,263-265,nar,"voyage, relation",,,,,,
6,36,SSE2,1567,The_voyage_of_M_George_Fenner_to_Guinea_and_to_the_Isles_of_Capo_Verde_An_1566,266-284,nar,"voyage, guinea",,,,,,
6,37,SSE2,1577,The_voyage_and_ambassage_of_Master_Edmund_Hogan_to_the_Emperour_of_Marocco_Anno_1577,285-293,nar,"voyage, ambassage, marocco",,,,,,
6,38,SSE2,1578,The_voyage_of_Thomas_Stukeley_into_Barbary_1578,293-294,nar,"voyage, barbary",,,,,,
6,39,SSE2,1565,Certaine_reports_of_the_mighty_kingdome_of_China_delivered_by_Portugales_which_were_there_imprisoned,295-327,doc,"china, report, portug",,,,,,
6,40,SSE2,1565,A_discourse_of_the_Isle_of_Japan_and_of_other_Isles_in_the_East_Ocean_andampc,327-348,doc,discourse,,,,,,
6,41,SSE2,1590,An_excellent_description_of_the_kingdome_of_China_and_of_the_estate_and_governement_thereof,348-377,doc,"description, china",,,,,,
6,42,SSE2,1579,The_voyage_of_Thomas_Stevens_about_the_Cape_of_Buona_Esperanza_unto_Goa_in_the_East_India_Anno_1579,377-384,nar,"voyage, east_ind",,,,,,
6,43,SSE2,1589,A_briefe_relation_of_the_great_magnificence_and_rich_trafficke_of_the_kingdom_of_Pegu_beyond_the_Eas,385-387,doc,relation,,,,,,
6,44,SSE2,1592,The_memorable_voyage_of_M_James_Lancaster_about_the_Cape_of_Buona_Esperanza_along_the_Easterne_coast,387-407,nar,voyage,,,,,,
6,45,SSE2,1583,Certaine_remembrances_of_a_voyage_intended_to_Brasil_and_to_the_river_of_Plate_but_miserably_overthr,408-412,nar,"voyage, brasil",,,,,,
6,46,SSE2,1585,The_escape_of_the_Primrose_a_ship_of_London_from_before_the_towne_of_Bilbao_in_Biscay_and_the_taking,413-417,doc,england,,,,,,
6,47,SSE2,1585,The_king_of_Spaines_Commission_for_the_generall_imbargment_or_arrest_of_the_English_andampc_Anno_158,417-418,doc,"england, spain, commission",,,,,,
6,48,SSE2,1585,The_Letters_patents_granted_by_her_Majestie_to_certaine_noblemen_and_merchants_of_London_for_a_trade,419-425,doc,"letter, england, granted, patents",,,,,,
6,49,SSE2,1587,The_voyage_and_ambassage_of_Master_Henry_Roberts_to_Mully_Hamet_Emperour_of_Marocco_Anno_1585,426-428,nar,"voyage, ambassage, marocco",,,,,,
6,50,SSE2,1587,An_edict_from_the_Emperour_of_Marocco_in_favour_of_all_Englishmen_trading_throughout_his_dominions_A,428-430,doc,"england, marocco",,,,,,
6,51,SSE2,1587,A_letter_of_the_sayd_emperour_written_to_the_Erle_of_Leicester_in_the_yeare_1587,430-432,doc,letter,,,,,,
6,52,SSE2,1587,A_letter_of_the_Queenes_Majestie_written_to_the_emperour_of_Marocco_in_the_yere_1587,432-434,doc,"letter, marocco",,,,,,
6,53,SSE2,1586,The_voyage_made_by_two_of_sir_Walter_Raleghs_Pinasses_called_The_Serpent_and_The_Mary_Spark_of_Plimo,434-437,nar,voyage,,,,,,
6,54,SSE2,1587,The_voyage_of_Sir_Francis_Drake_to_Cadiz_and_the_memorable_exploits_and_services_performed,438-443,nar,voyage,,,,,,
6,55,SSE2,1588,A_patent_graunted_to_certaine_merchants_of_Exceter_and_others_of_the_West_parts_and_of_London_for_a_,443-450,doc,"england, granted",,,,,,
6,56,SSE2,1589,A_voyage_to_Benin_beyond_the_countrey_of_Guinea_made_by_Master_James_Welsh_who_set_foorth_in_the_yee,450-458,nar,"voyage, guinea",,,,,,
6,57,SSE2,1589,A_relation_concerning_a_voyage_set_foorth_by_M_John_Newton_and_M_John_Bird_merchants_of_London_to_th,458-461,nar,"england, voyage, relation",,,,,,
6,58,SSE2,1590,The_second_voyage_made_by_M_James_Welsh_to_Benin_in_Africa_An_1590,461-467,nar,voyage,,,,,,
6,59,SSE2,1591,An_advertisement_to_king_Philip_the_2_of_Spaine_from_Angola_touching_the_state_of_the_same_countrey_,468-469,doc,spain,,,,,,
6,60,SSE2,1589,The_voyage_to_Spaine_and_Portugale_written_as_it_is_thought_by_Colonell_Anthonie_Wingfield_An_1589,470-527,nar,"spain, voyage, portug",,,,,,
7,1,SSE2,1589,The_voyage_of_the_Right_honourable_the_Earle_of_Cumberland_to_the_Azores_in_the_yeere_1589,001-031,nar,voyage,,,,,,
7,2,SSE2,1590,A_fight_performed_by_ten_marchants_ships_of_London_against_12_Spanish_gallies_in_the_Streit_of_Gibra,031-034,nar,"england, spain, fight",,,,,,
7,3,SSE2,1591,The_valiant_fight_performed_in_the_Streit_of_Gibraltar_by_the_Centurion_of_London_against_five_Spani,035-038,nar,"england, fight",,,,,,
7,4,SSE2,1591,A_true_report_of_the_fight_about_the_Isles_of_the_Azores,038-053,nar,"report, fight",,,,,,
7,5,SSE2,1591,A_particular_note_of_the_West_Indian_fleete_expected_to_have_arrived_in_Spaine,054-055,doc,"spain, note, west_ind",,,,,,
7,6,SSE2,1591,A_voyage_of_certaine_ships_of_London_to_the_coast_of_Spaine_and_the_Azores_An_1591,056-062,nar,"england, spain, voyage",,,,,,
7,7,SSE2,1590,A_large_testimony_of_John_Huighen_van_Linschoten_concerning_the_worthy_exploits_atchieved_by_the_rig,062-087,doc,testimon,,,,,,
7,8,SSE2,1591,A_relation_concerning_the_estate_of_the_Island_and_Castle_of_Arguin,088-089,doc,relation,,,,,,
7,9,SSE2,1591,The_voyage_of_Richard_Rainolds_and_Thomas_Dassell_to_the_rivers_of_Senega_and_Gambra_neere_the_coast,090-099,nar,voyage,,,,,,
7,10,SSE2,1594,Two_briefe_relations_concerning_the_Cities_and_Provinces_of_Tombuto_and_Gago,099-102,doc,relation,,,,,,
7,11,SSE2,1592,A_briefe_extract_of_a_patent_granted_to_M_Thomas_Gregory_of_Tanton,102-102,doc,granted,,,,,,
7,12,SSE2,1592,The_taking_of_two_Spanish_ships_laden_with_quicksilver_and_with_the_Popes_Bulles,103-105,nar,spain,,,,,,
7,13,SSE2,1592,The_taking_of_the_mightie_and_rich_Carak_called_The_Madre_de_Dios,105-118,doc,,,,,,,
7,14,SSE2,1594,The_firing_and_sinking_of_the_stout_and_warlike_Carak_called_The_Cinquo_Chaguas,118-123,doc,,,,,,,
7,15,SSE2,1593,A_report_of_the_casting_away_of_the_Tobie_a_ship_of_London,124-129,doc,"england, report",,,,,,
7,16,SSE2,1597,The_letters_of_the_Queens_Majestie_sent_by_Laurence_Aldersey_unto_the_Emperour_of_Ethiopia_Anno_1597,129-132,doc,letter,,,,,,
7,17,AMER,1170,The_most_ancient_voyage_and_discovery_of_the_West_Indies_performed_by_Madoc_the_sonne_of_Owen_Guined,133-135,nar,"voyage, discovery, indies, west_ind",,,,,,
7,18,AMER,1488,The_verses_of_Meredith_the_sonne_of_Rhesus_making_mention_of_Madoc_the_sonne_of_Owen_Guined_and_of_h,135-135,doc,,,,,,,
7,19,AMER,1488,The_offer_of_the_discovery_of_the_West_Indies,135-138,doc,"discovery, indies, west_ind",,,,,,
7,20,AMER,1494,Another_testimony_concerning_the_foresaid_offer_made_by_Bartholomew_Columbus_to_K_Henry_the_seventh_,139-140,doc,testimon,,,,,,
7,21,AMER,1495,The_letters_patents_of_K_Henry_the_7_granted_unto_John_Cabot_and_his_3_sonnes_Lewis_Sebastian_and_Sa,141-144,doc,"letter, granted, patents",,,,,,
7,22,AMER,1497,The_signed_bill_of_K_Henry_the_7_on_the_behalfe_of_John_Cabot,145-145,doc,,,,,,,
7,23,AMER,1497,The_voyage_of_Sebastian_Cabota_to_the_North_part_of_America_for_the_discovery_of_a_Northwest_passage,145-155,nar,"voyage, discovery",,,,,,
7,24,AMER,1497,A_briefe_extract_concerning_the_discovery_of_Newfoundland,155-155,doc,"discovery, newfoundland",,,,,,
7,25,AMER,1549,The_large_pension_granted_by_K_Edward_the_6_to_Sebastian_Cabota_constituting_him_Grand_pilote_of_Eng,156-158,doc,granted,,,,,,
7,26,AMER,1576,A_discourse_written_by_sir_Humfrey_Gilbert_knight_to_proove_a_passage_by_the_Northwest_to_Cataya_and,158-203,doc,discourse,,,,,,
7,27,AMER,1576,The_first_voyage_of_M_Martin_Frobisher_to_the_Northwest_for_the_search_of_a_passage_to_China_anno_15,204-211,nar,"voyage, china",,,,,,
7,28,AMER,1577,The_second_voyage_of_M_Martin_Frobisher_to_the_West_and_Northwest_regions_in_the_yeere_1577,211-230,nar,voyage,,,,,,
7,29,AMER,1578,The_third_and_last_voyage_of_M_Martin_Frobisher_for_the_discovery_of_a_Northwest_passage_in_the_yere,231-250,nar,"voyage, discovery",,,,,,
7,30,AMER,1578,Experiences_and_reasons_of_the_Sphere_to_proove_all_parts_of_the_worlde_habitable_and_thereby_to_con,250-309,doc,,,,,,,
7,31,AMER,1578,A_letter_of_M_Martin_Frobisher_to_certaine_Englishmen_which_were_trecherously_taken_by_the_Salvages_,309-322,doc,"letter, england",,,,,,
7,32,AMER,1578,Articles_and_orders_prescribed_by_M_Martin_Frobisher_to_the_Captaines_and_company_of_every_ship_whic,322-367,doc,"commandement, article",,,,,,
7,33,AMER,1578,A_generall_and_briefe_description_of_the_country_and_condition_of_the_people_which_are_founde_in_Met,367-375,doc,description,,,,,,
7,34,AMER,1583,The_letters_patents_of_her_Majesty_graunted_to_M_Adrian_Gilbert_and_others_for_the_search_and_discov,375-381,doc,"letter, granted, patents",,,,,,
7,35,AMER,1585,The_first_voyage_of_M_John_Davis_for_the_discovery_of_a_Northwest_passage_1585,381-393,nar,"voyage, discovery",,,,,,
7,36,AMER,1586,The_second_voyage_of_M_John_Davis_for_the_discovery_of_the_Northwest_pass_1586,393-407,nar,"voyage, discovery",,,,,,
7,37,AMER,1586,A_letter_of_M_J_Davis_to_M_Wil_Sanderson_of_London_concerning_his_second_voyage,407-408,nar,"letter, england, voyage",,,,,,
7,38,AMER,1586,The_voyage_and_course_which_the_Sunshine_a_barke_of_50_tunnes,408-413,nar,voyage,,,,,,
7,39,AMER,1587,The_third_voyage_Northwestward_made_by_M_John_Davis_Gentleman_for_the_discovery_of_a_passage_to_the_,414-422,nar,"voyage, discovery",,,,,,
7,40,AMER,1587,A_letter_of_M_John_Davis_to_M_Wil_Sanderson_of_London_concerning_his_3_voyage,423-423,nar,"letter, england, voyage",,,,,,
7,41,AMER,1587,A_traverse-booke_of_M_John_Davis_contayning_all_the_principall_notes_and_observations_taken_in_his_t,424-439,doc,"note, observation",,,,,,
7,42,AMER,1587,A_report_of_M_John_Davis_concerning_his_three_voyages_made_for_the_discovery_of_the_Northwest_passag,440-444,nar,"voyage, discovery, report",,,,,,
7,43,AMER,1385,The_voyage_of_M_Nicolas_Zeno_and_M_Anthony_his_brother,445-464,nar,voyage,,,,,,
7,44,AMER,1385,A_testimony_of_Ortelius_for_the_credit_of_the_history_of_M_Nicolas_andamp_M_Antonio_Zeni,464-466,doc,"testimon, history",,,,,,
8,1,AMER,1527,The_voyage_of_two_ships_whereof_the_one_was_called_The_Dominus_vobiscum_set_out_the_20_of_May_1527_f,001-002,nar,voyage,,,,,,
8,2,AMER,1536,The_voyage_of_M_Hore_and_divers_other_gentlemen_to_Newfoundland_and_Cape_Briton_in_the_yere_1536,003-007,nar,"voyage, newfoundland",,,,,,
8,3,AMER,1578,An_act_against_the_exaction_of_money_or_any_other_thing_by_any_officer_for_licence_to_traffique_into,007-009,doc,,,,,,,
8,4,AMER,1578,A_letter_written_to_M_Richard_Hakluyt_of_the_Midle_Temple_contayning_a_report_of_the_true_state_and_,009-016,doc,"letter, report",,,,,,
8,5,AMER,1578,The_letters_patents_granted_by_her_Majestie_to_sir_Humfrey_Gilbert_knight_for_inhabiting_some_part_o,017-023,doc,"letter, granted, patents",,,,,,
8,6,AMER,1583,A_learned_and_stately_Poeme_written_in_Latine_Hexamiters_by_Stephanus_Parmenius_Budeius_concerning_t,023-033,doc,,,,,,,
8,7,AMER,1583,The_voyage_of_Sir_Humfrey_Gilbert_to_Newfoundland_An_1583,034-043,nar,"voyage, newfoundland",,,,,,
8,8,AMER,1583,Orders_agreed_upon_by_the_Captaines_and_Masters_to_bee_observed_by_the_fleete_of_sir_Humfrey_Gilbert,043-055,doc,commandement,,,,,,
8,9,AMER,1583,A_briefe_relation_of_Newfound-land_and_the_commodities_thereof,055-064,doc,relation,,,,,,
8,10,AMER,1583,Reckonings_of_the_Master_and_Masters_mate_of_the_Admirall_of_sir_Humfrey_Gilbert_in_their_course_fro,064-065,doc,,,,,,,
8,11,AMER,1583,The_maner_how_the_sayd_Admirall_was_lost,065-077,doc,,,,,,,
8,12,AMER,1583,A_letter_of_the_learned_Hungarian_Stephanus_Parmenius_Budeius_to_master_Richard_Hakluyt_the_collecto,078-084,doc,letter,,,,,,
8,13,AMER,1583,A_relation_of_Richard_Clarke_of_Weymouth_master_of_the_ship_called_The_Delight_which_went_as_Admiral,085-088,doc,relation,,,,,,
8,14,AMER,1583,A_discourse_of_the_necessitie_and_commoditie_of_planting_English_colonies_upon_the_North_partes_of_A,089-131,doc,"england, discourse",,,,,,
8,15,AMER,1582,A_letter_of_the_right_honourable_sir_Francis_Walsingham_to_master_Richard_Hakluyt_then_of_Christchur,131-131,doc,letter,,,,,,
8,16,AMER,1582,A_letter_of_the_right_honourable_sir_Francis_Walsingham_to_master_Thomas_Aldworth_marchant_and_at_th,132-132,doc,letter,,,,,,
8,17,AMER,1583,A_letter_written_from_master_Aldworth_marchant_and_mayor_of_the_citie_of_Bristol_to_the_right_honour,133-134,doc,letter,,,,,,
8,18,AMER,1583,A_briefe_and_summarie_discourse_upon_a_voyage_intended_to_the_hithermost_parts_of_America,134-147,nar,"voyage, discourse",,,,,,
8,19,AMER,1583,Articles_set_downe_by_the_committies_appointed_on_the_behalfe_of_the_company_of_the_Moscovian_marcha,147-150,doc,"russia, article",,,,,,
8,20,AMER,1591,The_first_discovery_of_the_isle_of_Ramea_made_by_for_Monsieur_de_la_court_pre_Ravillon_andamp_grand_,150-154,doc,discovery,,,,,,
8,21,AMER,1591,A_letter_sent_to_the_right_honourable_sir_William_Cecil_Lord_Burghley_Lord_high_Treasurer_of_England,155-155,doc,"letter, england",,,,,,
8,22,AMER,1591,A_briefe_note_of_the_Morse_and_of_the_use_thereof,156-157,doc,note,,,,,,
8,23,AMER,1593,The_voyage_of_the_ship_called_The_Marigolde_of_M_Hill_of_Redriffe_unto_Cape_Briton_and_beyond_to_the,157-161,nar,voyage,,,,,,
8,24,AMER,1593,The_voyage_of_M_George_Drake_of_Apsham_to_the_isle_of_Ramea_in_the_yeere_1593,161-162,nar,voyage,,,,,,
8,25,AMER,1594,The_voyage_of_The_Grace_of_Bristoll_up_into_the_gulfe_of_S_Laurence_to_the_Northwest_of_Newfoundland,162-165,nar,"voyage, newfoundland",,,,,,
8,26,AMER,1597,The_voyage_of_M_Charles_Leigh_and_divers_others_to_Cape_Briton_and_the_isle_of_Ramea_1597,166-180,nar,voyage,,,,,,
8,27,AMER,1597,Certaine_observations_touching_the_countries_and_places_where_master_Charles_Leigh_touched_in_his_vo,180-182,doc,observation,,,,,,
8,28,AMER,1534,The_first_voyage_of_Jaques_Cartier_of_Saint_Malo_to_Newfound-land_the_gulfe_of_Saint_Laurence_and_th,183-209,nar,voyage,,,,,,
8,29,AMER,1534,Divers_words_of_the_language_spoken_in_New_France_with_the_interpretation_thereof,209-210,doc,,,,,,,
8,30,AMER,1535,The_second_voyage_of_Jaques_Cartier_by_the_Grand_bay_up_the_river_of_Canada_to_Hochelaga_Anno_1535,210-262,nar,"voyage, canada",,,,,,
8,31,AMER,1540,The_third_voyage_of_Jaques_Cartier_unto_the_countries_of_Canada_Hochelaga_and_Saguenay_Anno_1540,263-266,nar,"voyage, canada",,,,,,
8,32,AMER,1540,A_description_of_the_river_and_haven_of_Saincte_Croix,267-268,doc,description,,,,,,
8,33,AMER,1540,A_description_of_the_3_saults_or_falles_of_water_in_the_river_of_Canada,269-272,doc,"description, canada",,,,,,
8,34,AMER,1587,A_letter_written_to_M_John_Groute_student_in_Paris_by_Jaques_Noel_of_Saint_Malo_the_nephew_of_Jaques,272-273,doc,letter,,,,,,
8,35,AMER,1587,Part_of_another_letter,273-274,doc,letter,,,,,,
8,36,AMER,1542,An_excellent_ruttier_shewing_the_course_from_Belle_isle_Carpont_and_the_Grand_bay_up_the_river_of_Ca,275-283,doc,ruttier,,,,,,
8,37,AMER,1542,The_voyage_of_John_Francis_de_la_Roche_knight_lord_of_Roberval_with_three_tall_ships_to_the_countrie,283-286,nar,voyage,,,,,,
8,38,AMER,1542,A_description_of_the_Salvages_in_Canada,287-287,doc,"description, canada",,,,,,
8,39,AMER,1543,The_voyage_of_Monsieur_Roberval_from_his_Fort_in_Canada_unto_Saguenay_the_fifth_of_June_1543,288-289,nar,"voyage, canada",,,,,,
8,40,AMER,1584,The_letters_patents_granted_by_the_Queenes_Majestie_to_sir_Walter_Ralegh_for_the_discovering_and_pla,289-296,doc,"letter, granted, patents",,,,,,
8,41,AMER,1584,The_first_voyage_made_to_the_coast_of_Virginia,297-310,nar,"voyage, virginia",,,,,,
8,42,AMER,1585,The_second_voyage_made_to_Virginia_by_sir_Richard_Grinvile_for_sir_Walter_Ralegh_Anno_1585_at_what_t,310-317,nar,"voyage, virginia",,,,,,
8,43,AMER,1585,The_names_of_those_aswell_gentlemen_as_others_that_remained_one_whole_yeere_in_Virginia_under_the_go,317-318,doc,virginia,,,,,,
8,44,AMER,1585,An_extract_of_M_Ralph_Lanes_letter_to_M_Richard_Hakluyt_esquire_and_another_Gentleman_of_the_middle_,319-320,doc,letter,,,,,,
8,45,AMER,1585,An_account_of_the_particular_employments_of_the_Englishmen_left_in_Virginia_by_S_Richard_Grinvile_un,320-345,doc,"england, virginia",,,,,,
8,46,AMER,1586,The_third_voyage_to_Virginia_made_by_a_ship_sent_in_the_yeere_1586_for_the_reliefe_of_the_colonie_pl,346-348,nar,"voyage, virginia",,,,,,
8,47,AMER,1586,A_briefe_and_true_report_of_the_commodities_aswell_marchantable_as_others_which_are_to_be_found_and_,348-374,doc,report,,,,,,
8,48,AMER,1586,A_description_of_the_nature_and_maners_of_the_people_of_Virginia,374-386,doc,"description, virginia",,,,,,
8,49,AMER,1587,The_fourth_voyage_made_to_Virginia_with_3_ships_Anno_1587_wherein_was_transported_the_second_colonie,386-402,nar,"voyage, virginia",,,,,,
8,50,AMER,1587,The_names_of_all_the_men_women_and_children_which_safely_arrived_in_Virginia_and_remayned_to_inhabit,402-403,doc,virginia,,,,,,
8,51,AMER,1593,A_letter_of_M_John_White_to_M_Richard_Hakluyt_written_in_February_1593,404-406,doc,letter,,,,,,
8,52,AMER,1590,The_fifth_voyage_to_Virginia_made_by_master_John_White_in_the_yeere_1590,406-422,nar,"voyage, virginia",,,,,,
8,53,AMER,1524,The_voyage_of_John_de_Verazzano_a_Florentine_to_the_coast_of_Florida_sailing_from_thence_Northerly_t,423-438,nar,"voyage, florida",,,,,,
8,54,AMER,1587,An_Epistle_Dedicatorie_to_sir_Walter_Ralegh_prefixed_by_master_Richard_Hakluyt_before_the_history_of,439-445,doc,"letter, history",,,,,,
8,55,AMER,1587,The_Preface_of_master_Rene_Laudonniere_before_the_sayd_Historie,446-448,doc,,,,,,,
8,56,AMER,1587,A_description_of_the_West_Indies_in_general_but_more_chiefly_andamp_particularly_of_Florida,448-456,doc,"description, indies, florida, west_ind",,,,,,
8,57,AMER,1587,The_voyage_of_captaine_John_Ribault_to_Florida_1562,457-468,nar,"voyage, florida",,,,,,
8,58,AMER,1587,An_oration_of_captaine_John_Ribault_to_his_company,468-486,doc,oration,,,,,,
9,1,AMER,1564,The_voiage_of_captaine_Rene_Laudonniere_to_Florida_1564_where_he_fortified_and_inhabited_two_summers,001-046,nar,florida,,,,,,
9,2,AMER,1565,An_oration_of_Laudonniere_to_his_mutinous_souldiers,046-082,doc,oration,,,,,,
9,3,AMER,1565,A_second_voyage_of_captaine_John_Ribault_to_Florida_1565,082-085,nar,"voyage, florida",,,,,,
9,4,AMER,1565,A_letter_of_the_lord_admirall_of_France_unto_M_Laudonniere,085-100,doc,letter,,,,,,
9,5,AMER,1568,The_voyage_of_captaine_Dominique_Gourgues_to_Florida_1567,100-112,nar,"voyage, florida",,,,,,
9,6,AMER,1586,The_relation_of_Pedro_Morales_a_Spaniard_whom_sir_Francis_Drake_brought_from_S_Augustines_in_Florida,112-113,doc,"relation, florida",,,,,,
9,7,AMER,1586,The_relation_of_Nicolas_Burgoignon_alias_Holy_whom_sir_Francis_Drake_brought_also_from_S_Augustines,113-115,doc,relation,,,,,,
9,8,AMER,1539,A_Briefe_discourse_of_the_famous_cosmographer,115-116,doc,discourse,,,,,,
9,9,AMER,1539,An_extract_of_a_letter_of_C_Francis_Vasquez_de_Coronado,116-118,doc,letter,,,,,,
9,10,AMER,1539,A_letter_of_the_sayd_Francis_Vasquez_de_Coronado_governour_of_Nueva_Galicia,118-120,doc,letter,,,,,,
9,11,AMER,1539,A_letter_written_by_Don_Antonio_de_Mendoca_a_viceroy_of_Nueva_Espanna_to_the_emperour_Charles_the_fi,121-124,doc,"letter, espanna",,,,,,
9,12,AMER,1539,The_voyage_of_frier_Marco_de_Nica_from_the_towne_of_S_Michael_in_the_province_of_Culiacan_to_the_kin,125-144,nar,voyage,,,,,,
9,13,AMER,1540,The_voyage_of_Francis_Vasquez_de_Coronado_from_Nueva_Galicia_to_Cibola_Acuco_Tiguex_Quivira_andamp_t,145-166,nar,voyage,,,,,,
9,14,AMER,1540,A_testimony_of_Francis_Lopez_de_Gomara,167-169,doc,testimon,,,,,,
9,15,AMER,1582,A_briefe_relation_of_two_notable_voyages,169-204,nar,"voyage, relation",,,,,,
9,16,AMER,1590,A_letter_intercepted_of_Bartholomew_del_Cano,204-206,doc,letter,,,,,,
9,17,AMER,1540,The_voyage_of_the_right_worshipfull_knight_Francisco_de_Ulloa,206-278,nar,voyage,,,,,,
9,18,AMER,1540,The_voyage_and_discovery_of_Fernando_Alarchon,279-318,nar,"voyage, discovery",,,,,,
9,19,AMER,1578,An_extract_of_a_Spanish_letter_written_from_Pueblo_de_los_Angeles_in_Nueva_Espanna_in_October_1597,318-319,doc,"letter, spain, espanna",,,,,,
9,20,AMER,1578,The_voyage_and_course_which_sir_Francis_Drake_held_from_the_haven_of_Guatulco,319-326,nar,voyage,,,,,,
9,21,AMER,1584,The_memorable_voyage_of_Francis_Gualle_a_Spanish_captaine_and_pilot_undertaken_at_the_appointment_of,326-337,nar,"spain, voyage",,,,,,
9,22,AMER,1555,The_voyage_of_Robert_Tomson_merchant_into_New_Spaine_in_the_yere_1555,338-358,nar,"spain, voyage",,,,,,
9,23,AMER,1564,The_voyage_of_M_Roger_Bodenham_to_Sant_Juan_de_Ullua_in_the_bay_of_Mexico_and_from_thence_to_the_cit,359-360,nar,voyage,,,,,,
9,24,AMER,1572,The_memorable_voyage_of_M_John_Chilton_to_all_the_principall_parts_of_Nueva_Espanna,360-377,nar,"voyage, espanna",,,,,,
9,25,AMER,1572,The_voyage_of_Henrie_Hawks_merchant_to_Nueva_Espanna_in_which_countrey_he_travelled_for_the_space_of,378-397,nar,"voyage, espanna",,,,,,
9,26,AMER,1568,The_voyage_of_Miles_Philips_one_of_the_company_put_on_shore_by_sir_John_Hawkins_1568,398-445,nar,voyage,,,,,,
9,27,AMER,1568,The_travels_of_Job_Hortop_set_on_land_by_sir_John_Hawkins_1586_in_the_bay_of_Mexico_somewhat_to_the_,445-465,nar,,,,,,,
9,28,AMER,1542,A_relation_of_the_haven_of_Tecuanapa_a_most_convenient_place_for_building_of_ships,466-473,doc,relation,,,,,,
10,1,AMER,1516,The_voyage_of_sir_Thomas_Pert_and_Sebastian_Cabot_in_the_yere_1516_to_Brasil_Santo_Domingo_and_Sant_,001-006,nar,"voyage, brasil",,,,,,
10,2,AMER,1516,The_voyage_of_Thomas_Tison_an_English_man_to_the_West_Indies_before_the_yere_1526,006-007,nar,"england, voyage, indies, west_ind",,,,,,
10,3,AMER,1562,The_first_voyage_of_the_right_worshipfull_and_valiant_knight_sir_John_Hawkins_sometimes_treasurer_of,007-008,nar,voyage,,,,,,
10,4,AMER,1565,The_second_voyage_made_by_the_R_W_sir_John_Hawkins_knight_with_the_Jesus_of_Lubec,009-063,nar,voyage,,,,,,
10,5,AMER,1568,The_third_troublesome_voyage_of_the_right_worshipfull_sir_John_Hawkins,064-074,nar,voyage,,,,,,
10,6,AMER,1572,The_first_voyage_attempted_and_set_foorth_by_the_valiant_and_expert_captaine_M_Francis_Drake,075-077,nar,voyage,,,,,,
10,7,AMER,1575,The_voyage_of_John_Oxnam_of_Plimmouth_to_the_West_India_and_over_the_streight_of_Dariene_into_the_So,077-081,nar,"voyage, west_ind",,,,,,
10,8,AMER,1576,The_voyage_of_M_Andrew_Barker_of_Bristoll_with_two_shippes,082-088,nar,voyage,,,,,,
10,9,AMER,1585,The_opinion_of_Don_Alvaro_Bacan_marques_of_Santa_Cruz_and_high_admirall_of_Spaine,088-097,doc,spain,,,,,,
10,10,AMER,1585,The_famous_expedition_of_sir_Francis_Drake_to_the_West_Indies,097-120,nar,"indies, west_ind",,,,,,
10,11,AMER,1586,A_resolution_of_the_principall_land-captaines,121-134,doc,,,,,,,
10,12,AMER,1587,A_relation_of_the_surveying_new_building_finishing_making_and_mending_of_certeine_ports_harbours_for,135-156,doc,relation,,,,,,
10,13,AMER,1589,The_voyage_of_William_Michelson_and_William_Mace_of_Ratcliffe_master_of_a_ship_called_The_Dog_made_t,156-157,nar,voyage,,,,,,
10,14,AMER,1590,Twelve_Spanish_letters_written_from_divers_places_of_the_islands_and_of_the_maine_land,158-178,doc,"letter, spain",,,,,,
10,15,AMER,1591,The_voyage_and_valiant_fight_of_The_Content,178-183,nar,"voyage, fight",,,,,,
10,16,AMER,1591,The_voyage_of_M_Christopher_Newport_with_a_fleete_of_3_ships_and_a_Pinnesse_to_the_Isles_of_Dominica,184-190,nar,voyage,,,,,,
10,17,AMER,1592,The_voyage_of_M_William_King_Captaine,190-193,nar,voyage,,,,,,
10,18,AMER,1593,The_voyage_of_Henry_May_one_of_M_James_Lancaster_his_company_in_his_navigation_to_the_East_Indies,194-203,nar,"voyage, indies, east_ind",,,,,,
10,19,AMER,1595,The_voyage_of_sir_Robert_Duddeley_to_the_yle_of_Trinidad_and_the_coast_of_Paria,203-211,nar,voyage,,,,,,
10,20,AMER,1595,The_interpretation_of_certeine_words_of_the_language_of_Trinidad_annexed_to_the_voyage_of_sir_Robert,211-212,nar,voyage,,,,,,
10,21,AMER,1595,The_voyage_of_sir_Amias_Preston_and_Captaine_George_Sommers_to_the_West_Indies,213-226,nar,"voyage, indies, west_ind",,,,,,
10,22,AMER,1595,The_last_voyage_of_sir_Francis_Drake_andamp_sir_John_Hawkins,226-245,nar,voyage,,,,,,
10,23,AMER,1596,A_libell_of_Spanish_lies_written_by_Don_Bernaldino_delgadillo_de_Avellaneda,246-265,doc,spain,,,,,,
10,24,AMER,1596,The_voyage_of_sir_Antony_Sherley_to_S_Iago_Dominica_Margarita_along_the_coast_of_Tierra_firma,266-276,nar,voyage,,,,,,
10,25,AMER,1596,The_voyage_of_M_William_Parker_of_Plimmouth_to_Margarita_Jamaica_Truxillo_Puerto_de_cavallos_andampc,277-280,nar,voyage,,,,,,
10,26,AMER,1596,An_excellent_ruttier_for_the_islands_of_the_West_Indies_and_for_Tierra_firma_and_Nueva_Espanna,280-305,doc,"indies, ruttier, west_ind, espanna",,,,,,
10,27,AMER,1596,A_principall_ruttier_conteining_most_particular_directions_to_saile_from_Saint_Lucar_in_Andaluzia,306-332,doc,ruttier,,,,,,
10,28,AMER,1596,A_declaration_of_the_Capes_and_Islands_aswell_of_Madera_the_Canaries_and_the_west_Indies_as_of_the_A,332-336,doc,"indies, west_ind",,,,,,
10,29,AMER,1596,A_declaration_of_the_longitudes_or_Westerne_and_Easterne_distances_from_Spaine_to_New_Spaine_in_Amer,336-337,doc,spain,,,,,,
10,30,AMER,1595,The_Epistle_Dedicatorie_of_sir_Walter_Ralegh_to_the_right_honourable_the_L_Charles_Howard_knight_of_,338-342,doc,letter,,,,,,
10,31,AMER,1595,The_Epistle_of_sir_Walter_Ralegh_to_the_reader,343-348,doc,letter,,,,,,
10,32,AMER,1595,The_voyage_of_sir_Walter_Ralegh_himselfe_to_the_Isle_of_Trinidad_where_he_tooke_the_citie_of_Saint_J,348-431,nar,voyage,,,,,,
10,33,AMER,1594,An_advertisement_to_the_Reader_concerning_certaine_letters_of_the_Spaniards_intercepted_at_Sea,432-433,doc,letter,,,,,,
10,34,AMER,1594,Foure_severall_testimonies_concerning_the_rich_Empire_of_Guiana,433-439,doc,"testimon, guiana",,,,,,
10,35,AMER,1594,Foure_personall_reports_of_certaine_Spaniards_and_of_a_Frenchman_concerning_El_Nuevo_Dorado,439-441,doc,report,,,,,,
10,36,AMER,1596,The_Epistle_of_master_Laurence_Keymis_to_the_reader,441-446,doc,letter,,,,,,
10,37,AMER,1596,De_Guiana_carmen_Epicum,446-452,doc,guiana,,,,,,
10,38,AMER,1596,The_second_voyage_to_Guiana_performed_and_written_in_the_yeere_1596_by_Laurence_Keymis_gentleman,452-490,nar,"voyage, guiana",,,,,,
10,39,AMER,1596,A_table_of_the_names_of_the_rivers_nations_townes_and_Caciques_or_captaines,490-495,doc,,,,,,,
10,40,AMER,1596,A_catalogue_of_the_names_of_those_worthy_Spaniards_that_have_sought_to_discover_and_conquer_Guiana,496-499,doc,"guiana, catalogue",,,,,,
10,41,AMER,1596,An_advertisement_of_M_Laurence_Keymis_to_the_reader,499-501,doc,,,,,,,
11,1,AMER,1597,The_3_voyage_set_forth_by_sir_Walter_Ralegh_to_Guiana_with_a_pinnesse_called_The_Wat_begun_in_the_ye,001-015,nar,"voyage, guiana",,,,,,
11,2,AMER,1590,Three_testimonies_of_Josepho_de_Acosta_concerning_the_mightie_river_of_Amazones_or_Orellana_and_of_t,016-019,doc,testimon,,,,,,
11,3,AMER,1518,A_briefe_description_of_the_foresayd_river_of_Amazones_or_Orellana_and_of_the_countries_thereabout_a,019-022,doc,description,,,,,,
11,4,AMER,1530,The_first_voyage_of_M_William_Hawkins_of_Plimmouth_father_unto_sir_John_Hawkins_to_Brasil_Anno_1530,023-024,nar,"voyage, brasil",,,,,,
11,5,AMER,1530,The_second_voyage_of_M_William_Hawkins_to_Brasil_1532,024-024,nar,"voyage, brasil",,,,,,
11,6,AMER,1540,The_voyage_of_M_Robert_Reniger_andamp_M_Tho_Borey_to_Brasil_in_the_yere_1540,025-025,nar,"voyage, brasil",,,,,,
11,7,AMER,1542,The_voyage_of_one_Pudsey_to_Baya_in_Brasil_1542,025-025,nar,"voyage, brasil",,,,,,
11,8,AMER,1578,A_letter_written_to_M_Richard_Staper_by_John_Whithal_from_Santos_in_Brasil_the_26_of_June_1578,026-030,doc,"letter, brasil",,,,,,
11,9,AMER,1580,A_letter_of_the_adventurers_for_Brasil_sent_to_John_Whithal_dwelling_at_Santos_by_the_Minion_of_Lond,031-033,doc,"letter, brasil",,,,,,
11,10,AMER,1581,The_voyage_of_M_Stephan_Hare_in_the_Minion_of_London_to_Brasil_anno_1580,034-039,nar,"england, voyage, brasil",,,,,,
11,11,AMER,1596,An_intercepted_letter_of_Francis_Suarez_to_his_brother_Diego_Suarez_dwelling_in_Lisbon_written_from_,039-043,doc,letter,,,,,,
11,12,AMER,1595,The_prosperous_voyage_of_Master_James_Lancaster_to_the_towne_of_Fernambuck_in_Brasil_1594,043-064,nar,"voyage, brasil",,,,,,
11,13,AMER,1597,An_intercepted_letter_written_from_Feliciano_Cieca_de_Carvalho_the_governour_of_Paraiva_in_the_most_,064-072,doc,letter,,,,,,
11,14,AMER,1597,A_speciall_note_concerning_the_currents_of_the_sea_betweene_the_Cape_of_Buena_Esperanca_and_the_coas,072-073,doc,note,,,,,,
11,15,AMER,1597,An_excellent_ruttier_describing_the_course_to_be_kept_from_Cabo_verde_to_the_coast_of_Brasil_and_all,073-085,doc,"brasil, ruttier",,,,,,
11,16,AMER,1597,A_ruttier_from_the_river_of_Plate_to_the_Streights_of_Magellan,085-090,doc,ruttier,,,,,,
11,17,AMER,1527,A_Voyage_of_two_Englishmen_to_the_river_of_Plate_in_the_company_of_Sebastian_Cabota_1527,091-092,nar,"england, voyage",,,,,,
11,18,AMER,1582,The_voyage_of_M_John_Drake_after_his_departure_from_M_Fenton_up_the_river_of_Plate_1582,092-095,nar,voyage,,,,,,
11,19,AMER,1582,A_Ruttier_which_declareth_the_situation_of_the_coast_of_Brasil_from_the_yle_of_Santa_Catelina_unto_t,096-101,doc,"brasil, ruttier",,,,,,
11,20,AMER,1579,The_famous_voyage_of_sir_Francis_Drake_into_the_South_sea_and_therehence_about_the_globe_of_the_whol,101-132,nar,voyage,,,,,,
11,21,AMER,1580,The_names_of_the_kings_of_Java_at_the_time_of_sir_Francis_Drakes_being_there,132-132,doc,,,,,,,
11,22,AMER,1578,Certaine_words_of_the_naturall_language_of_Java_with_the_interpretation_thereof,132-133,doc,,,,,,,
11,23,AMER,1578,The_voyage_of_Nunno_de_Silva_a_Portugal_Pilot_taken_by_sir_Francis_Drake_at_the_yles_of_Cabo_Verde_a,133-146,nar,"voyage, portug",,,,,,
11,24,AMER,1579,A_letter_written_in_the_South_sea_by_sir_Francis_Drake_unto_his_consort_M_John_Winter,146-147,doc,letter,,,,,,
11,25,AMER,1578,The_voyage_of_M_John_Winter_into_the_South_sea_by_the_Streight_of_Magellan_in_consort_with_sir_Franc,148-162,nar,voyage,,,,,,
11,26,AMER,1582,Instructions_given_by_the_R_H_the_lords_of_the_councell_to_M_Edward_Fenton_esquire_for_the_order_to_,163-171,doc,"commandement, instructions",,,,,,
11,27,AMER,1582,The_voyage_of_M_Edward_Fenton_and_M_Luke_Ward_his_viceadmirall_with_4_ships_intended_for_China_but_p,172-202,nar,"voyage, china",,,,,,
11,28,AMER,1587,The_voyage_of_M_Robert_Withrington_and_M_Christopher_Lister_intended_for_the_South_sea_with_two_tal_,202-227,nar,voyage,,,,,,
11,29,AMER,1579,A_discourse_of_the_West_Indies_and_the_South_sea_written_by_Lopez_Vaz_a_Portugall_conteining_divers_,227-290,doc,"indies, discourse, west_ind, portug",,,,,,
11,30,AMER,1587,The_prosperous_voyage_of_M_Thomas_Candish_esquire_into_the_South_sea_and_so_round_about_the_circumfe,290-347,nar,voyage,,,,,,
11,31,AMER,1588,Certaine_rare_and_speciall_notes_most_properly_belonging_to_the_voyage_of_M_Thomas_Candish_about_the,348-376,nar,"voyage, note",,,,,,
11,32,AMER,1588,A_letter_of_M_Thomas_Candish_to_the_R_H_the_olde_Lord_Hunsdon_L_Chamberlaine_one_of_her_Majesties_mo,376-378,doc,letter,,,,,,
11,33,AMER,1588,Certaine_notes_or_references_taken_out_of_a_large_map_of_China_brought_home_by_M_Thomas_Candish_1588,378-381,doc,"note, china",,,,,,
11,34,AMER,1590,The_voyage_of_the_Delight_a_ship_of_Bristol_one_of_the_consorts_of_M_John_Chidley_esquire_and_M_Paul,381-384,nar,voyage,,,,,,
11,35,AMER,1590,A_petition_made_in_the_streight_of_Magellan_by_certeine_of_the_company_of_the_Delight_of_Bristoll_un,385-389,doc,,,,,,,
11,36,AMER,1592,The_last_voyage_of_M_Thomas_Candish_intended_for_the_South_sea_the_Philippinas_and_the_coast_of_Chin,389-396,nar,voyage,,,,,,
11,37,AMER,1592,The_testimoniall_of_the_company_of_the_Desire_a_ship_of_M_Candishes_fleet_in_his_last_voyage_touchin,397-416,nar,"voyage, testimon",,,,,,
11,38,AMER,1596,The_letters_of_the_Queenes_most_excellent_Majestie_sent_in_the_yere_1596_to_the_emperour_of_China_by,417-421,doc,"letter, china",,,,,,
11,39,AMER,1592,Three_severall_testimonies_concerning_the_mighty_kingdome_of_Coray_tributary_to_the_king_of_China_an,422-441,doc,"testimon, china",,,,,,
11,40,AMER,1596,A_briefe_note_concerning_an_extreame_Northerly_province_of_Japan_called_Zuegara_situate_30_dayes_jou,441-442,doc,note,,,,,,
11,41,AMER,1596,Advertisements_touching_the_ships_that_goe_from_Sivil_to_the_Indies_of_Spaine_together_with_some_sea,442-447,doc,"spain, indies",,,,,,
11,42,AMER,1596,The_order_of_the_Carena_given_to_the_ships_that_goe_out_of_Spaine_to_the_West_Indies,447-447,doc,"spain, commandement, indies, west_ind",,,,,,
11,43,AMER,1586,The_examination_of_the_Masters_and_Pilots_which_saile_in_the_fleets_of_Spaine_to_the_West_Indies_wri,448-458,doc,"spain, indies, west_ind",,,,,,
